,AAPL,ABC,ABEV,ACI,ACN,ADBE,ADI,ADM,ADP,ADSK,AGR,ALE,AMAT,AMD,AMZN,APH,ATO,ATVI,AVA,AVGO,AWK,BG,BTI,BYND,CAG,CASY,CCEP,CDNS,CHD,CL,CLX,CNP,CPB,CRM,CRWD,CSCO,CTSH,CTVA,CVS,CWEN,DAR,DDOG,DEO,DTE,DUK,EA,EBAY,EIX,EL,ES,ETR,EVRG,EXC,FB,FIS,FISV,FLO,FMX,FRPT,FTNT,GIS,GO,GOOGL,GPN,HAIN,HE,HLF,HPQ,HRL,HSY,IBM,IDA,IFF,INGR,INTC,INTU,K,KDP,KEYS,KHC,KLAC,KMB,KO,KR,LNT,LRCX,LW,MA,MCHP,MCK,MDLZ,MDU,MGEE,MKC,MNST,MO,MRVL,MSEX,MSFT,MSI,MU,NEE,NEP,NEW,NFG,NFLX,NI,NJR,NOVA,NOW,NVDA,NWN,NXPI,OGE,OGS,OLPX,ORA,ORCL,OTTR,PANW,PAYX,PCG,PEG,PEP,PG,PM,PNM,POR,POST,PPC,PPL,PYPL,QCOM,REYN,SAM,SEB,SHOP,SJI,SJM,SJW,SNAP,SNOW,SNPS,SO,SPB,SPY,SQ,SR,STZ,SWX,SYY,TAP,TEL,TSN,TWLO,TXN,UGI,UL,USFD,UTL,V,VST,WBA,WDAY,WEC,WTRG,XEL,XLNX,YORW,ZM
,close,close,close,close,close,close,close,close,close,close,close,close,close,close,close,close,close,close,close,close,close,close,close,close,close,close,close,close,close,close,close,close,close,close,close,close,close,close,close,close,close,close,close,close,close,close,close,close,close,close,close,close,close,close,close,close,close,close,close,close,close,close,close,close,close,close,close,close,close,close,close,close,close,close,close,close,close,close,close,close,close,close,close,close,close,close,close,close,close,close,close,close,close,close,close,close,close,close,close,close,close,close,close,close,close,close,close,close,close,close,close,close,close,close,close,close,close,close,close,close,close,close,close,close,close,close,close,close,close,close,close,close,close,close,close,close,close,close,close,close,close,close,close,close,close,close,close,close,close,close,close,close,close,close,close,close,close,close,close,close,close,close,close,close,close,close,close,close,close,close
time,,,,,,,,,,,,,,,,,,,,,,,,,,,,,,,,,,,,,,,,,,,,,,,,,,,,,,,,,,,,,,,,,,,,,,,,,,,,,,,,,,,,,,,,,,,,,,,,,,,,,,,,,,,,,,,,,,,,,,,,,,,,,,,,,,,,,,,,,,,,,,,,,,,,,,,,,,,,,,,,,,,,,,,,,,
2021-09-30 00:00:00-04:00,141.32,119.47,2.755,31.12,319.85,575.64,167.47,60.01,199.89,285.07,48.61,59.53,128.7396,102.89,3286.61,73.21,88.19,77.38,39.14,485.16,168.96,81.31,35.275,105.25,33.87,188.29,55.26,151.5,82.54,75.58,165.58,24.59,41.8,271.15,245.64,54.42,74.21,42.06,84.83,30.26,71.9,141.35,193.01,111.66,97.57,142.31,69.66,55.45,299.85,81.75,99.24,62.2,48.33,339.24,121.68,108.52,23.63,86.71,142.65,292.05,59.82,21.55,2671.12,157.56,42.76,40.82,42.38,27.36,40.98,169.26,138.88,103.38,133.67,88.97,53.26,539.67,63.92,34.17,164.29,36.82,334.58,132.45,52.46,40.42,55.95,568.87,61.37,347.55,153.5,199.38,58.14,29.66,73.5,81.01,88.86,45.52,60.31,102.87,281.75,232.31,70.96,78.52,75.33,0.58,52.51,610.04,24.22,34.82,32.94,622.03,207.14,46.0,195.87,32.95,63.32,24.47,66.56,87.13,56.03,479.0,112.45,9.615,60.88,150.44,139.78,94.79,49.47,46.99,110.15,29.08,27.88,260.21,128.99,27.36,510.04,4085.01,1354.92,21.26,120.04,66.05,73.87,302.35,299.4,61.96,95.66,429.17,239.83,61.18,210.61,66.87,78.49,46.38,137.21,78.93,319.05,192.21,42.63,54.22,34.67,42.82,222.63,17.1,47.05,249.93,88.18,46.09,62.49,150.84,43.81,261.51
2021-10-01 00:00:00-04:00,142.66,119.83,2.78,29.76,324.9,577.34,167.37,60.83,201.99,284.03,48.74,59.59,129.1,102.42,3283.17,74.63,88.78,78.54,38.98,487.52,168.34,82.53,34.84,104.91,33.71,187.39,55.86,153.08,82.25,75.59,164.52,24.91,41.53,275.4,249.27,55.11,75.29,43.52,84.08,30.23,73.71,144.57,192.76,111.68,98.49,143.59,69.87,55.06,310.78,81.86,99.38,61.82,47.77,343.0,123.26,109.78,23.81,86.06,145.08,298.0,60.63,21.41,2729.93,159.85,43.12,41.13,43.3,28.1,40.9,170.84,143.33,104.24,141.15,90.55,53.86,543.97,63.88,33.2,165.5,36.7,335.02,132.2,53.02,39.14,55.77,569.62,62.79,360.34,152.63,199.9,58.21,30.3,73.81,80.71,89.88,45.88,59.82,101.9,289.1,234.35,70.97,79.22,77.08,0.543,54.1,613.15,24.3,35.6,33.1,632.8,207.42,46.34,192.85,33.0,65.0,22.9,67.33,89.76,56.18,486.51,115.11,9.62,60.47,150.95,139.62,96.09,49.63,47.32,111.19,29.29,27.97,264.55,128.66,27.81,508.94,4070.0,1350.35,21.24,119.71,65.99,75.28,303.97,302.38,61.7522,98.005,434.19,239.25,62.08,213.56,67.69,80.85,47.13,141.8,78.33,324.49,193.78,43.41,54.19,36.24,43.34,230.51,16.85,46.8,254.55,87.6,46.25,62.48,152.03,43.85,267.54
2021-10-04 00:00:00-04:00,139.19,118.37,2.74,30.09,319.56,558.58,164.26,61.16,200.1,272.93,49.55,60.14,125.21,100.35,3191.7,73.55,90.55,77.2,39.91,476.2,170.93,82.55,35.35,101.12,34.02,188.13,54.93,148.1,81.73,75.07,163.71,25.5,42.11,270.89,238.82,54.22,74.36,42.56,83.8,30.4,71.23,137.12,192.94,113.02,100.76,143.18,68.5,56.29,306.18,84.96,101.4,62.64,48.34,326.32,121.02,108.29,24.14,85.85,145.09,288.88,61.45,21.25,2675.27,156.27,43.79,41.93,42.72,28.09,41.24,171.57,144.14,105.0,138.0,91.48,53.51,525.55,64.54,32.72,161.17,36.9,329.06,132.14,53.0,39.64,56.82,550.14,62.96,344.16,146.63,199.99,58.05,30.51,75.72,80.72,88.54,46.5,57.59,104.41,283.14,231.54,70.63,79.37,77.56,0.5093,55.72,603.63,24.6,36.58,31.11,618.15,197.36,47.27,188.94,33.64,67.43,23.8,68.79,89.26,57.34,469.595,115.03,9.83,61.15,150.1,138.8,96.2,49.59,48.46,110.93,29.34,28.3,255.02,126.68,27.43,504.02,4055.01,1314.9666,22.23,120.96,67.97,71.22,294.67,289.22,62.44,97.85,428.69,226.29,63.19,213.08,66.08,81.41,47.61,140.33,78.09,313.35,190.41,44.25,53.82,36.05,44.25,224.68,17.02,46.67,249.65,89.39,46.92,63.9,148.0,44.52,259.7
2021-10-05 00:00:00-04:00,141.1,118.67,2.72,29.5,325.12,566.66,165.41,62.27,203.84,276.1,49.48,59.74,128.07,101.8099,3220.99,74.58,90.01,76.8,40.56,485.42,171.6,84.11,35.095,100.67,34.27,189.03,55.52,150.21,81.19,74.42,162.66,25.48,42.56,271.745,245.15,54.69,74.44,43.45,83.64,31.21,72.19,141.87,192.75,113.79,100.15,144.05,69.97,55.68,313.18,84.69,101.46,62.88,48.34,332.975,120.34,108.02,24.35,86.1,144.62,298.5,61.53,21.55,2720.45,157.63,43.6,41.66,43.08,28.3,41.28,174.47,143.16,105.14,135.42,93.09,53.95,533.36,64.02,33.43,162.75,37.07,331.23,131.95,53.09,39.87,56.41,555.85,62.45,343.35,148.01,198.24,58.83,30.55,75.59,80.05,89.56,46.16,59.39,104.87,288.75,232.19,70.49,79.48,76.8,0.5063,55.72,634.81,24.385,36.61,31.74,633.42,204.5,47.09,191.67,33.4,67.26,26.15,69.21,91.48,57.51,475.74,116.83,9.89,60.85,151.09,139.35,96.4,49.48,48.42,110.69,29.25,28.26,260.17,127.56,27.28,507.01,4074.26,1317.49,22.28,121.35,67.64,73.41,300.38,293.35,62.06,97.4,433.05,235.98,63.35,213.01,70.42,80.73,48.24,143.61,78.3,320.25,193.87,44.11,53.43,36.28,44.7,224.28,17.36,47.09,252.08,88.88,46.83,63.31,151.96,44.455,257.12
2021-10-06 00:00:00-04:00,141.99,116.87,2.71,28.38,325.08,570.31,166.07,62.29,204.98,277.42,50.57,59.91,126.56,103.63,3263.2,74.55,90.16,77.3,41.34,488.69,174.16,83.92,34.91,101.32,34.47,188.79,54.96,150.04,82.74,75.1,165.17,25.78,42.5,275.27,248.22,53.95,74.36,42.0,83.15,31.71,71.37,143.31,192.81,115.28,101.84,134.1,71.54,56.59,313.55,86.25,103.17,63.44,49.11,333.69,121.11,108.47,24.725,84.31,144.42,301.86,62.12,21.6,2749.5,158.53,43.75,41.44,42.62,27.75,41.81,178.55,142.35,105.68,137.52,94.07,53.99,534.5,64.4,34.1,161.17,37.34,328.88,133.05,53.72,39.55,57.08,551.845,62.32,348.66,147.76,198.21,60.2,30.79,75.97,80.28,90.07,46.46,63.76,106.5,293.11,233.77,69.95,81.17,76.9,0.55,55.93,639.13,24.65,36.99,32.19,629.36,207.0,47.31,190.99,33.68,67.34,25.04,69.79,91.33,58.56,486.21,118.05,10.19,60.95,154.95,141.17,96.65,49.74,49.1,107.98,29.03,28.54,264.03,128.08,27.33,525.5,4136.0,1350.18,22.39,123.29,68.5,73.12,309.51,294.46,62.74,95.69,434.92,239.12,63.49,211.5,68.0,81.1,47.32,144.4,78.61,316.88,194.35,43.96,53.05,36.08,44.7,226.45,17.58,46.9,256.33,90.58,46.96,64.32,153.86,45.15,253.65
2021-10-07 00:00:00-04:00,143.28,118.58,2.685,27.97,326.24,578.81,166.98,63.05,207.57,283.02,50.69,59.58,127.91,106.45,3302.43,75.6,89.76,77.36,40.7,493.93,172.48,84.47,34.65,104.37,34.2,189.65,55.68,152.25,82.98,75.59,165.04,25.57,42.21,274.6,249.75,55.02,75.26,42.49,84.2,32.17,73.13,142.09,193.01,115.09,100.97,137.59,74.16,57.1,314.88,86.09,103.47,62.72,48.71,329.22,121.31,109.25,24.69,82.78,143.22,309.59,61.32,22.15,2785.37,159.87,43.16,41.01,43.31,28.06,41.34,178.0,141.8,103.39,138.23,94.44,54.18,537.71,63.12,35.01,163.24,37.09,330.11,133.69,53.88,39.49,56.66,556.06,58.2,354.02,149.25,199.64,59.9,30.95,75.23,80.42,90.07,46.49,65.17,105.66,294.94,236.84,70.55,80.92,77.22,0.560101,56.49,631.85,24.57,37.15,34.39,638.0,210.75,47.0,193.84,33.59,67.48,25.14,70.62,92.3,58.99,493.67,118.64,10.52,60.47,156.4,142.32,95.65,49.85,48.78,107.59,29.15,28.39,263.54,127.83,27.56,545.71,4206.32,1399.85,22.64,121.85,68.54,76.29,319.91,298.37,62.67,96.16,438.64,249.1899,63.89,216.51,66.1,82.91,47.19,146.44,78.68,324.21,195.34,44.42,52.94,37.27,44.0,230.57,17.95,47.84,257.98,89.75,46.96,63.99,158.07,45.56,256.27
2021-10-08 00:00:00-04:00,143.01,119.39,2.74,27.02,325.24,576.93,168.63,63.29,206.15,278.83,50.81,59.86,126.21,105.05,3290.57,75.76,89.94,77.64,40.39,492.59,170.79,84.35,34.89,100.59,33.73,190.43,54.05,150.12,83.14,75.59,163.46,25.54,42.21,272.5,245.09,55.09,75.49,42.78,84.38,32.32,72.69,140.29,193.74,114.15,100.53,140.0,75.05,57.13,311.9,85.42,103.19,62.01,48.36,330.0,120.04,107.88,24.78,82.95,133.81,307.11,61.46,21.76,2796.99,159.35,43.96,40.58,43.03,27.9,41.69,177.74,143.25,101.71,138.0,94.95,53.81,531.33,62.7,35.04,161.8,36.78,326.15,132.88,54.13,39.46,55.96,549.64,56.38,354.96,146.1,200.23,59.53,30.83,74.38,79.31,89.28,46.73,64.62,104.34,294.85,236.79,70.13,80.22,76.06,0.565,56.78,632.66,24.43,36.98,33.88,617.58,208.26,46.82,190.26,33.05,67.72,25.52,70.19,94.39,58.29,492.97,118.67,10.7,59.9,156.01,141.73,95.35,49.59,48.75,105.3,28.8,28.36,260.07,126.52,27.44,537.8,4202.0,1378.34,22.55,121.63,67.81,75.0,313.2,291.7,62.55,95.33,437.82,238.57,63.72,219.71,64.37,83.37,46.72,145.66,78.57,320.61,195.24,44.2,52.64,38.17,43.29,230.33,17.9,47.37,255.9,88.79,46.35,63.19,156.04,45.82,255.24
2021-10-11 00:00:00-04:00,142.8,122.4,2.7,27.02,326.5,572.89,167.86,63.97,203.73,276.54,52.0,59.27,127.5,104.67,3245.15,75.06,89.13,76.32,38.68,492.19,168.85,84.94,34.77,101.59,33.56,185.18,53.38,149.51,83.01,75.795,162.2,25.54,41.87,273.7,244.17,54.92,75.38,42.45,84.29,33.46,72.39,141.89,192.86,112.18,99.7,139.48,74.48,56.08,309.94,84.33,102.68,61.96,47.57,325.39,115.87,103.77,24.94,82.53,130.33,306.78,61.68,21.7,2777.7,151.45,43.74,39.25,43.22,27.675,41.915,178.21,142.43,98.96,140.01,95.6,53.45,525.26,62.75,35.12,161.68,36.77,325.2,132.55,54.22,39.58,54.65,552.44,55.14,347.25,143.88,201.69,59.43,30.22,74.28,78.42,88.02,46.71,63.4,103.7,294.21,235.48,69.23,77.83,76.51,0.5833,56.48,626.82,24.33,37.14,35.97,615.85,206.89,46.57,185.93,32.75,68.28,25.09,68.43,95.28,56.89,499.81,117.34,10.15,59.27,156.24,142.31,95.12,49.55,47.72,104.76,28.79,28.18,255.02,124.92,27.84,536.36,4114.51,1356.45,22.39,121.51,68.13,73.56,309.68,288.68,61.92,95.23,434.67,232.45,63.47,219.81,64.18,82.86,45.83,145.63,78.34,320.59,193.36,44.03,52.5,37.33,42.92,225.05,17.57,47.42,253.55,87.34,46.25,62.44,155.27,46.65,253.86
2021-10-12 00:00:00-04:00,141.46,119.79,2.7,27.1,327.59,580.69,164.02,63.39,203.79,275.945,52.14,60.64,126.76,105.0599,3247.33,73.99,88.99,74.92,39.0,485.41,169.53,84.47,34.75,104.64,33.4,186.75,53.25,150.19,82.56,75.67,162.95,26.05,41.77,278.99,252.73,54.27,75.11,41.95,83.79,33.6,73.14,145.59,193.2,112.8,99.81,136.66,74.68,55.51,309.09,85.52,102.78,62.09,48.29,323.75,116.06,104.3,25.07,83.39,132.075,306.63,62.13,22.01,2728.98,151.0,44.73,39.69,43.02,26.55,42.3,179.5,140.46,101.11,143.49,95.79,52.17,527.12,62.38,35.165,161.36,36.78,319.55,132.56,54.24,39.82,54.985,546.79,55.1,345.34,140.99,200.1,59.7,30.48,74.4,78.1,87.94,47.15,63.61,104.53,292.88,239.33,66.735,78.87,76.87,0.458,56.91,624.94,24.36,37.72,38.23,629.13,206.68,46.73,183.12,32.69,68.54,25.32,68.56,95.58,57.28,505.35,117.31,10.24,59.41,156.94,142.12,95.61,49.66,48.32,105.76,28.87,28.26,255.86,122.97,27.86,522.33,4157.26,1357.13,22.65,121.99,67.86,75.27,312.97,292.03,62.09,95.73,433.63,237.28,64.09,218.87,63.42,83.05,45.76,141.5,79.24,326.53,188.54,44.01,52.28,37.78,43.11,224.05,17.85,47.42,257.19,87.82,46.24,62.99,155.9,45.98,255.61
2021-10-13 00:00:00-04:00,140.96,118.87,2.76,27.62,330.3,591.38,164.28,62.91,205.23,283.5,52.46,61.37,128.24,109.21,3285.0,74.44,92.2,75.27,39.4,485.25,169.4,84.01,35.57,104.99,33.16,186.32,54.25,153.53,83.13,76.08,160.68,25.9,41.52,284.43,270.4401,54.63,75.64,42.24,83.14,33.88,72.7,155.89,197.2,114.0,100.7,136.44,74.92,56.41,315.02,86.24,102.56,62.7,49.08,324.54,116.77,104.35,25.42,83.66,141.24,310.1,61.84,22.43,2753.64,152.5,44.78,40.02,43.28,26.49,42.37,180.16,140.79,102.43,144.37,94.54,52.29,535.19,61.6847,35.92,164.1,36.8,320.52,132.58,54.25,39.46,55.45,544.38,55.99,342.47,70.22,199.26,59.97,30.46,74.31,78.89,85.36,47.94,63.44,104.98,296.37,241.4,66.42,80.19,78.25,0.5597,56.89,629.88,24.7,38.02,39.52,639.88,209.47,47.08,183.1,33.05,68.67,25.18,72.65,96.4,57.71,504.65,117.48,10.5,60.17,158.01,142.46,97.49,49.62,48.52,105.92,28.975,28.48,256.36,125.07,28.48,525.01,4287.0,1398.17,22.44,121.11,67.4,74.96,328.05,296.45,62.5,94.51,435.13,242.72,65.32,219.16,64.92,81.87,45.8,141.46,79.34,345.99,187.16,43.83,52.96,37.51,42.6,222.51,19.81,47.28,266.78,88.99,46.43,64.39,161.72,46.07,266.18
2021-10-14 00:00:00-04:00,143.7554,120.06,2.77,28.37,338.96,607.5,168.23,64.16,208.55,289.18,53.02,62.74,132.08,112.01,3299.88,76.43,93.96,76.12,40.49,497.65,171.19,85.86,36.05,106.96,33.79,189.41,55.36,157.33,83.35,76.6,163.55,26.57,41.48,290.03,276.0,55.63,77.46,43.38,84.56,33.22,74.14,153.26,199.41,115.06,101.65,135.7,74.68,56.59,319.52,87.66,103.46,63.63,50.13,328.49,121.68,107.78,25.3,83.83,147.15,313.81,62.36,23.99,2821.31,154.88,45.51,41.15,43.66,27.49,42.89,182.2,143.41,103.97,148.3,96.42,53.92,543.96,62.16,35.59,168.25,37.26,330.0,133.29,54.59,39.12,56.14,567.98,57.97,344.61,72.5,203.04,60.63,30.93,75.47,80.25,85.58,48.665,65.31,106.07,302.76,245.14,67.8,81.46,78.62,0.5257,57.49,633.8,24.9,38.71,38.41,653.02,217.46,47.45,189.1,33.75,68.97,24.41,71.08,95.3,58.98,502.98,118.74,10.76,61.43,159.26,144.04,98.835,49.62,49.14,105.71,29.15,28.71,266.45,128.67,28.05,525.18,4207.0,1406.96,22.61,122.0,68.08,76.6399,332.03,304.92,63.25,97.46,442.47,247.52,65.98,220.39,69.49,82.25,46.33,146.93,79.69,357.45,192.54,44.69,53.15,37.51,43.44,225.15,19.57,50.79,271.11,89.89,47.12,65.44,165.8,46.62,267.01
2021-10-15 00:00:00-04:00,144.83,119.86,2.79,28.6,341.81,610.17,172.03,63.94,213.01,291.29,51.04,63.75,131.59,112.11,3409.23,77.06,93.0,76.34,40.84,503.27,171.37,85.62,36.1,105.65,33.25,187.42,55.04,155.7,83.455,76.25,163.3,26.74,41.17,291.71,273.11,55.24,78.84,43.51,85.83,31.25,74.29,154.48,199.245,115.03,100.34,134.75,74.94,57.35,320.95,86.4,102.25,63.29,49.828,324.82,124.85,109.79,24.98,84.15,148.38,315.29,62.16,23.58,2829.16,160.59,45.13,42.43,43.51,28.28,42.64,179.54,144.61,105.2,147.58,96.87,54.46,552.21,61.81,35.31,168.71,36.98,329.11,133.31,54.48,38.6,55.77,564.47,56.25,355.98,72.79,204.15,60.14,30.97,75.31,79.61,85.58,48.69,65.66,105.44,304.21,239.8,67.69,81.67,78.47,0.5186,57.8,628.49,24.87,37.71,38.095,663.39,218.62,47.4,189.83,33.75,67.89,24.78,71.29,95.34,58.38,507.85,119.16,11.2,62.08,158.81,144.48,98.38,49.62,48.32,105.42,29.06,28.85,268.44,130.21,27.83,511.61,4130.0,1425.0,22.06,122.08,67.88,77.32,333.48,306.26,63.12,96.63,445.83,249.0,64.33,218.96,68.77,82.23,45.62,147.3,79.68,353.22,194.45,44.17,52.95,37.73,43.93,231.0,19.67,48.92,270.99,90.06,47.46,65.93,167.32,46.12,266.32
2021-10-18 00:00:00-04:00,146.54,118.37,2.79,29.53,343.18,622.78,173.29,63.8,212.65,292.67,50.53,62.14,133.28,116.45,3446.01,77.5,91.07,76.4,39.75,503.36,170.39,85.63,35.9,107.04,33.14,188.82,53.34,157.49,82.94,75.29,160.54,26.18,40.86,291.62,285.65,55.2,78.9,43.27,84.48,31.23,75.7,157.43,198.26,113.735,99.86,134.68,74.24,57.16,318.47,85.42,101.77,63.05,49.885,335.34,122.99,110.03,24.88,84.06,146.35,326.86,61.52,23.3,2855.45,159.37,44.97,41.11,44.01,28.6,42.11,178.73,142.3,102.99,145.54,96.41,54.46,564.59,61.49,34.775,172.64,36.86,326.77,131.54,53.94,39.21,55.32,568.64,55.51,358.46,73.83,200.81,59.74,30.62,74.57,79.42,85.42,48.13,67.17,105.91,307.25,243.09,67.26,81.0,78.14,0.48855,57.55,638.12,24.51,37.05,38.35,666.22,222.22,46.63,192.2,33.39,66.35,24.75,72.13,96.5,58.27,515.39,120.08,11.01,61.73,158.1,142.31,97.43,49.67,47.8,105.24,28.86,28.55,270.33,130.12,28.23,507.115,4182.0,1465.09,21.82,121.5,67.61,75.81,337.95,307.3,62.44,95.21,447.22,252.278,63.1,215.57,69.22,81.3,44.96,147.26,79.43,361.05,194.9,44.0,52.71,37.105,43.26,230.65,19.32,48.4,272.67,88.84,46.72,64.67,170.39,46.67,274.44
2021-10-19 00:00:00-04:00,148.78,119.84,2.67,28.3,349.84,636.37,176.67,64.55,214.07,296.8,51.57,61.29,134.63,116.32,3444.47,77.84,92.89,77.19,39.19,510.17,172.68,86.47,36.1,107.47,33.22,190.21,53.47,158.9,83.33,74.78,159.01,26.15,40.83,292.42,282.4,55.74,79.83,43.63,84.89,31.83,77.38,158.15,200.13,114.49,101.15,136.77,74.73,57.54,312.46,86.16,102.07,63.65,50.33,340.05,124.08,111.31,24.84,83.98,149.13,332.26,61.69,23.25,2865.08,161.0,44.71,41.38,44.69,28.87,41.65,179.74,141.99,103.54,147.02,97.25,55.21,572.89,61.51,34.765,174.75,36.82,332.23,129.8,54.15,39.07,55.67,570.83,55.95,362.25,74.91,202.64,59.79,30.88,75.55,79.9,85.0,47.92,67.87,105.35,308.26,245.17,67.58,82.02,79.78,0.48,57.64,639.46,24.63,37.6,40.4,680.25,222.94,46.92,197.05,33.61,67.04,25.91,73.14,97.07,57.91,512.42,121.82,11.17,62.46,160.13,140.7,95.82,49.7,47.68,104.98,28.83,28.89,271.7,132.52,27.93,509.75,4219.99,1485.74,22.42,120.96,67.84,76.455,339.67,311.14,62.97,94.25,450.68,254.3892,63.22,216.25,68.31,81.34,44.97,146.99,80.1,365.03,198.15,44.66,52.5,37.33,42.96,233.62,19.205,48.01,277.27,89.87,47.09,64.94,170.23,47.11,276.46
2021-10-20 00:00:00-04:00,149.35,122.26,2.73,28.91,345.86,632.54,176.98,64.85,213.06,298.73,52.81,62.17,134.04,116.42,3414.83,78.37,94.53,78.08,39.66,509.51,173.98,87.63,36.38,107.1332,33.71,190.52,54.09,160.04,83.62,75.1,161.08,26.63,41.28,290.08,283.28,56.21,79.18,44.13,86.55,31.57,77.36,158.85,201.64,115.48,102.25,139.22,75.98,58.96,304.25,86.31,104.06,64.35,51.23,340.95,124.64,110.13,25.08,83.52,151.3,333.73,62.72,23.055,2837.21,161.35,44.91,41.92,45.5,28.6,41.89,180.19,141.72,104.73,145.77,96.9,55.41,570.89,62.01,34.91,174.18,36.93,331.32,131.65,54.63,39.33,56.45,566.62,57.48,356.76,74.88,206.09,60.29,31.21,76.36,80.71,84.92,48.45,67.23,105.86,307.49,246.56,68.27,83.95,81.03,0.487099,58.47,625.37,24.91,38.05,39.61,681.37,221.08,47.49,197.54,34.04,68.13,26.465,70.86,96.65,59.18,511.71,121.94,11.52,63.41,161.32,141.17,97.05,49.79,48.27,105.23,28.92,29.22,258.33,132.26,28.16,512.01,4201.98,1488.22,22.69,121.77,68.62,75.6738,334.14,315.51,63.73,94.45,452.39,255.26,64.52,218.125,67.35,79.83,45.35,147.14,81.25,366.61,199.48,44.9,52.8,37.01,43.12,231.52,19.3,48.38,277.26,91.06,47.3,65.59,170.49,47.67,275.86
2021-10-21 00:00:00-04:00,149.46,122.62,2.63,29.475,347.14,638.95,178.8,64.87,214.68,305.77,52.13,61.36,133.35,119.3374,3435.01,79.49,93.44,78.71,39.51,513.93,173.55,87.64,36.15,108.51,33.34,190.92,53.19,165.46,83.8,74.89,160.06,26.505,40.625,289.77,284.07,55.68,79.07,42.71,86.85,31.72,76.62,160.75,199.69,115.39,103.01,140.63,76.22,59.32,317.76,86.09,103.92,64.09,51.07,341.97,124.44,110.16,25.0,82.21,154.72,334.34,62.48,23.51,2837.24,160.0,44.42,41.36,46.04,30.575,41.66,180.21,128.31,103.47,145.85,97.11,56.0097,578.45,61.69,34.38,176.46,36.37,335.87,131.26,54.35,39.32,56.75,555.2,57.24,356.07,76.0,207.22,60.16,30.92,75.75,80.31,85.25,48.23,67.07,106.9,310.75,248.3,68.64,83.8,82.09,0.4755,57.76,653.17,24.9,37.8,39.91,686.34,226.86,47.04,201.4,33.81,67.52,28.54,71.19,96.29,59.6,507.81,122.4,11.63,63.08,159.18,139.32,96.52,49.75,48.41,105.6,29.06,29.01,243.0,133.08,28.0,516.23,4124.5,1496.68,22.94,121.8,68.39,75.13,342.04,321.02,64.15,95.12,453.61,265.02,64.08,218.34,68.28,79.63,44.45,148.62,81.19,369.23,201.3,44.31,53.38,36.6,42.73,230.23,19.11,49.16,281.1,91.21,46.61,65.63,173.82,47.815,274.78
2021-10-22 00:00:00-04:00,148.69,123.37,2.615,30.8,353.84,643.74,178.39,66.23,217.75,308.57,52.38,61.63,135.94,119.83,3335.52,79.29,94.03,79.29,39.48,515.31,175.84,88.32,36.17,95.79,33.33,191.89,52.84,166.76,84.7,75.49,161.42,26.55,40.7,292.56,283.18,55.11,79.025,42.76,87.53,32.15,78.52,162.31,201.44,116.03,103.79,141.07,80.58,60.46,327.58,86.49,104.61,64.63,51.32,324.68,125.05,110.24,25.06,83.64,153.14,335.29,62.68,23.32,2751.16,158.0,44.68,41.59,47.27,30.48,42.01,182.11,127.9,104.91,145.33,97.06,49.46,590.66,62.12,34.65,176.27,36.39,343.24,132.99,54.455,40.24,57.37,556.74,59.09,358.75,75.21,209.07,60.52,31.19,76.17,80.74,84.72,48.22,66.29,108.29,309.14,249.54,67.51,84.42,82.99,0.451,58.17,664.8,25.05,37.94,38.84,686.51,227.23,46.77,199.93,34.23,67.96,28.985,71.54,98.25,60.61,504.09,123.78,11.89,63.84,159.94,140.83,96.87,49.71,48.71,107.34,29.03,29.13,240.39,131.62,27.97,525.64,4109.99,1427.2,22.95,122.95,68.7,55.13,339.61,320.82,62.9401,95.26,453.13,252.98,64.25,219.4,69.18,78.67,44.44,147.6,82.5,358.04,199.07,44.33,53.71,36.47,42.5,231.25,19.1,48.98,280.86,91.67,46.91,65.54,172.44,47.97,277.46
2021-10-25 00:00:00-04:00,148.65,122.61,2.71,30.65,356.52,647.21,180.52,66.68,218.01,311.79,52.12,61.95,135.75,122.36,3322.4,79.15,94.2,81.25,39.97,521.89,174.85,88.34,35.84,96.0,32.91,193.55,52.11,167.45,83.78,75.15,161.66,26.77,40.22,293.91,279.91,55.16,78.96,42.52,87.69,33.6,79.77,161.64,199.72,115.67,102.84,142.25,80.56,61.11,330.11,86.02,103.8,64.24,51.59,329.03,122.46,111.1,25.19,83.5,154.11,331.59,61.9,23.01,2750.98,157.8,44.63,41.01,47.46,30.64,41.95,180.23,127.685,104.43,146.34,97.22,49.41,602.87,61.73,34.43,177.69,36.21,343.23,130.12,54.24,40.34,56.51,551.97,58.39,360.98,75.86,207.45,60.36,31.25,76.14,80.69,84.37,47.98,67.7,109.01,308.3,245.88,68.77,84.31,83.75,0.5628,59.19,671.97,24.98,38.08,40.33,689.5,231.6673,47.13,200.29,34.25,69.04,28.29,70.13,97.91,60.93,497.31,123.17,11.67,63.95,159.22,140.86,96.58,49.76,48.79,106.23,29.03,29.0,246.88,131.98,27.49,505.79,4047.98,1425.61,22.81,123.17,69.33,54.475,341.32,323.84,62.83,94.51,455.48,262.06,65.13,217.7,69.43,78.05,43.76,147.8,83.33,358.04,200.2,44.67,53.52,35.99,42.0,234.14,19.5,49.23,282.35,90.39,47.04,64.67,175.43,48.8,279.71
2021-10-26 00:00:00-04:00,149.26,122.96,2.69,30.27,356.34,642.5,179.86,65.36,219.0,312.74,52.35,62.26,131.97,122.97,3375.89,78.75,94.0,80.77,39.85,534.13,174.93,87.25,35.91,94.33,33.03,187.99,52.64,172.93,84.61,76.15,161.24,26.68,40.78,295.1,287.11,55.81,78.73,42.71,88.32,34.11,79.37,163.89,200.47,116.45,103.29,142.49,78.49,61.5,331.04,86.02,103.9,64.37,52.02,315.8,122.4,109.91,25.16,85.68,158.54,322.2,62.08,22.48,2785.93,155.96,44.66,40.67,46.605,30.13,42.19,181.71,127.155,103.79,148.12,96.25,48.27,608.63,61.6,34.57,177.76,36.44,342.13,133.23,54.46,39.96,56.8,548.93,58.34,357.19,73.78,208.03,60.82,31.32,76.53,81.06,85.58,48.11,67.73,108.7,309.71,245.79,68.94,85.45,84.56,0.5913,58.6,668.52,24.96,38.38,39.17,677.08,247.17,46.8,196.14,34.26,68.49,27.59,71.15,96.98,61.6,486.5,123.55,11.575,64.6,161.17,142.85,96.2,49.79,48.17,105.67,28.95,29.09,242.97,131.98,27.17,500.16,3950.04,1363.74,22.51,124.71,69.03,55.36,342.23,327.86,63.285,93.95,455.97,263.39,65.26,218.23,69.17,77.02,43.55,146.89,82.5,353.92,196.89,44.68,54.0,35.0,41.84,231.63,19.49,48.31,282.76,90.72,47.02,64.45,171.66,48.38,278.92
2021-10-27 00:00:00-04:00,148.85,119.56,2.68,30.22,354.05,640.34,170.47,64.54,222.14,308.62,52.58,61.06,132.13,122.27,3393.325,75.76,91.77,78.65,40.56,523.04,173.22,90.64,35.81,95.59,32.62,188.99,52.72,165.09,84.06,75.89,159.55,26.315,39.91,295.15,279.01,56.18,77.74,42.11,88.08,33.79,79.33,157.14,198.85,113.84,102.76,140.37,77.66,62.21,325.21,85.57,103.11,63.76,51.98,312.22,114.2,98.8505,24.64,83.53,152.2,320.28,61.31,21.56,2924.35,144.15,44.33,40.67,45.22,29.7,42.25,179.51,125.16,103.95,148.29,94.2,47.89,613.13,61.32,34.2,176.94,36.39,340.5,129.23,55.5,39.47,56.51,553.76,57.45,335.72,72.37,203.05,60.39,30.66,75.65,80.48,84.88,47.49,67.71,107.055,323.14,250.03,68.26,85.01,84.0,0.7403,57.77,662.92,24.83,37.47,42.45,665.0,244.51,46.24,192.37,34.04,67.21,26.43,70.66,96.04,60.49,492.86,122.5,11.59,63.99,160.65,141.83,94.87,49.79,47.83,101.71,28.81,29.01,234.92,131.22,27.24,485.0,3885.85,1361.55,22.44,122.98,68.17,52.0301,346.71,318.97,62.63,91.84,453.92,253.02,63.82,214.91,68.59,76.42,43.6,142.85,80.63,345.57,187.1,43.44,53.54,34.9,41.77,215.77,19.66,47.11,283.19,89.98,46.61,63.39,180.92,47.54,272.99
2021-10-28 00:00:00-04:00,152.4766,120.62,2.94,30.05,356.32,639.28,172.48,64.84,222.93,317.04,53.3,61.48,136.02,121.16,3444.5,76.61,92.9,78.89,40.49,529.62,175.28,92.91,35.76,100.18,32.78,188.54,53.09,169.0,85.25,76.89,161.86,26.3,40.21,298.42,281.17,56.25,77.36,43.03,88.61,34.88,84.06,161.09,200.84,114.38,102.49,140.21,72.43,62.84,325.52,85.65,102.78,64.17,52.75,316.82,111.9,98.53,24.87,82.83,157.65,327.38,62.04,21.83,2916.98,142.84,44.9,40.69,46.23,30.46,42.85,179.47,125.83,104.24,148.44,95.09,48.09,615.41,61.7,35.51,179.4,36.49,355.33,130.03,56.03,39.7,56.83,565.95,57.45,333.15,74.44,205.0,60.96,31.09,76.16,81.19,84.9,44.56,68.48,109.04,324.32,248.02,69.57,86.4,86.42,0.6104,58.05,674.05,24.67,37.71,44.43,687.56,249.43,45.35,199.93,34.06,67.37,26.18,72.88,96.24,61.42,498.1,123.36,11.68,64.31,161.64,142.69,95.94,50.11,48.52,101.99,28.2,29.065,236.82,133.68,27.13,496.95,3935.0,1456.8201,22.38,124.61,68.44,54.35,347.92,327.01,62.73,94.5,458.27,261.33,63.38,216.69,68.72,76.65,43.86,145.28,81.0,284.85,187.83,43.69,53.88,35.59,41.88,209.91,19.85,47.1,286.72,90.51,47.39,64.37,180.97,47.98,276.58
2021-10-29 00:00:00-04:00,149.8,122.07,2.97,30.95,358.88,650.34,173.48,64.24,224.48,317.57,52.69,61.55,136.65,120.23,3372.43,76.79,92.13,78.19,39.8,531.78,174.1,92.66,34.92,98.98,32.21,191.6,52.69,173.09,87.36,76.19,162.98,26.03,39.96,299.79,281.8,55.97,78.09,43.16,89.28,35.48,84.53,167.06,199.71,113.35,102.0,140.26,76.73,62.92,324.33,84.94,103.03,63.74,53.2,323.58,110.73,98.49,24.75,82.19,155.7,336.38,61.79,22.18,2960.35,142.99,44.86,40.56,46.41,30.33,42.32,175.32,125.12,104.32,147.47,95.23,49.0,625.79,61.33,36.09,180.02,35.89,372.87,129.48,56.36,40.01,56.575,563.9,56.46,335.52,74.09,207.85,60.73,30.72,75.82,80.2,85.0,44.11,68.5,110.33,331.64,248.48,69.1,85.29,86.31,0.5876,57.41,690.5,24.67,37.82,44.57,697.79,255.68,45.09,200.7,34.05,67.31,27.98,72.34,95.95,62.02,509.26,123.26,11.59,63.8,161.59,143.0,94.52,49.75,49.39,101.5,28.16,28.81,232.54,133.03,26.96,492.51,3859.98,1468.16,22.74,122.91,65.89,52.57,353.71,333.2,62.32,93.77,459.22,254.51,62.75,216.81,69.26,76.94,44.09,145.99,79.96,291.36,187.48,43.42,53.59,34.67,41.79,211.81,19.59,47.01,289.98,90.09,47.07,64.58,180.01,47.94,274.65
2021-11-01 00:00:00-04:00,148.99,122.83,3.06,31.77,355.3,640.44,175.07,63.61,222.13,315.08,52.58,63.19,139.52,125.26,3317.99,76.96,93.04,79.33,40.64,528.14,173.65,92.13,34.92,99.5,32.43,193.62,53.77,173.84,87.65,75.94,163.4,26.285,40.4,302.7,269.17,56.1,78.04,43.005,90.65,36.31,85.35,165.2,201.19,112.97,102.31,141.73,76.3,63.28,325.32,84.75,103.49,63.93,53.9,330.02,114.0,102.01,24.93,82.0,156.92,324.27,62.29,23.28,2869.94,145.9,45.075,41.22,45.64,31.25,42.96,174.7,126.28,106.99,144.02,95.62,49.56,608.88,62.17,36.4,180.98,36.74,380.36,130.26,56.17,40.45,56.87,572.35,57.56,334.03,76.9,208.0,60.91,31.1,76.93,80.7,85.45,44.05,68.97,101.06,329.38,244.9,70.71,85.59,87.2499,0.5441,58.79,681.17,24.82,38.8,44.0278,682.22,258.29,46.09,205.49,34.67,69.4,28.73,74.82,94.41,62.85,508.63,121.61,11.41,64.36,161.26,142.65,93.41,49.76,50.14,102.56,28.54,29.31,231.33,134.84,27.35,504.77,3988.95,1527.61,23.58,123.61,68.98,53.96,357.775,329.83,62.48,93.91,460.08,255.06,64.09,220.21,69.79,78.36,45.19,151.11,80.81,300.64,187.54,44.39,53.78,36.03,42.36,212.46,20.01,47.32,288.08,90.34,47.08,64.52,185.67,47.63,278.7
2021-11-02 00:00:00-04:00,150.0,125.18,2.995,31.61,361.5,640.55,178.01,63.38,225.2,314.87,52.62,62.99,141.22,127.615,3313.17,77.85,93.78,77.69,40.1,537.31,176.6,91.16,34.67,99.26,32.83,192.57,53.18,175.55,89.1,76.28,165.35,26.19,40.37,302.95,268.11,57.62,78.64,42.85,91.13,35.46,82.73,164.98,202.56,113.09,102.46,140.2,74.9,63.54,338.59,84.55,103.84,63.88,53.78,328.2,109.18,99.38,25.17,80.04,152.495,328.46,62.6495,22.86,2908.29,132.35,45.12,40.71,44.48,31.02,43.08,175.51,126.19,105.77,144.45,92.73,49.88,618.48,62.54,35.975,184.72,37.09,388.75,131.57,56.1,40.73,57.08,574.23,56.72,328.56,78.8,218.94,61.38,30.88,75.86,81.35,85.86,44.16,69.91,100.75,333.26,251.51,70.76,85.43,87.51,0.5349,58.15,677.72,24.74,38.26,41.32,686.7,264.04,45.65,206.73,34.5,68.65,27.86,73.88,95.87,62.97,508.07,123.44,11.34,63.99,162.78,144.06,94.04,48.44,49.94,102.92,28.3,29.25,229.46,135.24,27.41,497.32,3999.33,1476.54,22.67,123.72,70.55,52.19,359.79,333.19,62.49,94.89,461.87,249.01,63.3,220.775,70.11,77.62,45.59,152.06,81.53,300.07,189.35,44.35,53.82,35.78,42.09,209.14,19.87,47.76,291.28,90.82,47.29,64.72,188.91,47.81,280.5
2021-11-03 00:00:00-04:00,151.49,128.32,3.14,34.98,362.1,655.4,178.8,64.9,225.82,308.5962,51.59,63.39,142.76,130.55,3384.0,78.36,93.37,66.74,40.54,542.14,168.01,91.47,34.785,104.51,33.0,199.8,53.79,172.96,88.905,77.27,165.41,26.29,41.58,302.83,270.65,57.64,79.65,44.82,96.34,35.56,83.88,162.715,204.45,113.27,102.5307,139.37,75.44,62.8,340.39,84.51,103.34,63.81,54.05,331.695,110.97,101.47,25.5,80.66,152.06,329.92,63.16,23.56,2931.95,134.83,45.61,41.57,43.93,31.25,43.36,176.55,127.16,105.41,145.29,95.93,50.39,622.72,63.34,36.08,183.47,37.42,393.68,132.09,56.3,42.94,56.44,581.4,57.78,329.45,79.77,224.24,62.36,31.1,77.0,82.26,87.35,44.96,69.23,101.4,333.98,252.68,71.25,85.23,87.42,0.534,57.7,688.38,25.28,38.88,41.97,687.19,265.97,46.39,215.64,34.59,69.03,28.51,74.19,96.16,64.46,498.97,123.43,11.67,63.35,164.31,145.01,94.7,47.73,49.79,105.1,28.24,29.31,230.38,138.48,28.35,507.35,4058.0,1495.33,23.06,125.36,70.49,52.935,352.77,333.53,62.54,96.3,464.73,252.61,63.18,220.68,71.53,77.37,46.85,153.39,81.72,312.16,189.15,44.53,54.06,36.62,42.71,207.99,19.675,49.22,288.78,89.84,47.27,63.51,191.57,47.94,285.58
2021-11-04 00:00:00-04:00,150.96,126.88,3.13,34.73,366.85,674.37,180.71,64.24,226.2,318.9,51.16,64.13,150.14,137.51,3477.04,79.13,93.65,68.23,39.72,548.79,168.77,92.6,34.3,102.6,32.64,198.9,53.11,179.56,89.33,77.29,164.41,26.5,40.96,308.18,279.62,57.13,79.55,47.38,94.53,36.8,83.77,166.94,204.08,113.4,101.02,142.44,76.28,63.06,339.85,83.82,102.9,63.72,54.11,335.98,111.8,101.99,25.27,81.09,151.53,338.39,62.71,23.05,2966.36,135.59,45.16,41.14,43.31,31.33,43.14,175.37,120.88,103.83,141.91,96.38,50.33,625.93,62.91,36.15,185.99,37.19,409.3,131.24,56.6,43.41,55.61,598.97,56.15,335.51,82.99,223.11,62.1,28.46,77.38,81.32,87.8,44.62,71.58,101.67,336.46,251.42,72.24,84.76,86.96,0.6153,57.73,668.4,25.08,38.53,43.16,701.75,298.03,46.18,219.36,34.16,69.28,28.9,76.48,95.63,63.6,493.74,123.75,11.66,63.64,164.31,145.38,93.73,48.25,49.19,103.87,28.1,28.9,228.23,156.18,28.22,504.88,4033.99,1541.0,22.315,124.81,70.46,52.23,356.65,341.81,62.5,95.02,466.86,247.04,62.87,219.47,70.78,77.73,46.21,154.99,81.07,313.71,191.18,44.23,52.87,36.99,42.74,208.7814,19.21,49.52,290.29,89.71,46.99,63.08,198.14,48.59,282.29
2021-11-05 00:00:00-04:00,151.24,127.48,3.22,34.79,368.92,662.43,184.18,64.47,229.67,324.52,51.45,65.21,153.3,136.34,3516.64,81.44,94.0,67.82,40.28,558.94,169.61,92.95,34.57,99.78,32.6,201.54,55.1,177.91,88.76,77.83,163.24,26.67,40.72,307.25,273.43,57.07,79.9,47.6,93.78,37.53,84.81,185.54,204.66,114.16,101.69,139.55,75.56,64.04,349.39,84.39,104.24,64.91,54.14,341.13,113.74,100.36,25.24,81.36,151.28,341.54,62.65,23.33,2976.59,136.74,45.87,41.33,43.19,31.94,43.21,175.38,123.6,105.05,143.61,98.21,50.92,614.99,62.56,36.37,183.68,37.84,416.73,132.2041,56.85,42.32,56.38,611.06,57.65,348.58,85.78,221.68,62.26,28.8,79.03,81.24,91.69,45.2,71.86,103.38,336.11,247.43,72.91,85.52,86.28,0.66,59.38,645.72,25.31,39.11,41.97,691.9,297.65,47.04,224.16,34.61,69.25,26.995,75.3,94.95,65.775,493.52,124.6,11.65,64.22,165.99,146.03,94.3,48.525,50.34,105.02,28.02,28.73,225.82,163.0326,29.14,502.14,4053.71,1528.61,22.69,125.78,72.8,53.13,364.73,340.73,63.1,96.75,468.49,237.43,63.34,222.77,71.16,81.31,46.6,158.83,81.55,310.63,193.4,44.64,52.85,38.59,43.34,216.67,20.505,50.23,290.03,90.87,47.63,63.8,198.52,49.58,264.81
2021-11-08 00:00:00-05:00,150.45,125.99,3.15,33.35,367.01,666.4,184.46,63.8,227.51,329.1,50.18,63.89,152.96,150.17,3487.89,81.65,93.0,66.81,39.82,559.23,169.02,92.49,34.475,98.21,32.29,201.0,54.94,179.23,88.43,77.74,164.26,26.52,40.82,309.96,282.88,56.98,80.18,46.54,93.76,36.72,83.43,191.36,204.39,112.32,101.43,138.18,73.75,64.06,349.35,82.6,101.07,63.71,53.1,338.53,114.75,100.02,25.3,82.18,150.13,351.18,62.64,22.92,2980.1746,134.59,45.83,40.1,42.07,31.6,43.55,174.74,124.54,102.54,147.46,99.03,51.55,615.38,62.25,35.76,186.25,37.2,412.81,132.57,56.34,41.71,55.29,609.23,58.13,349.685,84.18,220.29,61.88,29.05,78.3,80.31,90.83,45.07,73.02,102.82,336.93,249.29,74.57,84.59,85.2,0.6261,59.46,651.44,25.08,38.72,42.72,692.53,308.04,45.72,223.08,33.99,68.97,28.2,78.14,95.16,65.47,517.65,123.19,11.6,62.16,162.44,144.96,92.89,48.79,49.27,104.26,28.195,28.68,229.42,165.86,29.26,490.56,4035.02,1534.12,22.85,125.1,72.46,54.905,370.87,343.01,62.615,96.77,468.97,236.72,61.45,221.76,68.87,80.42,46.09,157.95,81.36,313.005,192.34,44.38,52.81,36.42,42.88,220.54,19.74,49.9,292.71,88.95,47.46,62.75,208.02,48.92,259.87
2021-11-09 00:00:00-05:00,150.83,124.67,3.2,33.78,367.6,667.92,185.0,64.43,229.09,329.4,50.24,64.14,156.29,148.92,3577.65,82.29,93.17,67.11,40.15,557.8,169.5,92.89,34.805,97.93,32.55,201.91,57.81,182.39,89.65,78.05,166.15,26.52,41.27,309.77,293.18,57.46,80.54,47.85,92.79,36.76,81.89,196.56,203.93,112.5,101.96,139.81,73.96,64.6,347.07,83.31,102.31,64.13,54.09,335.4,115.47,99.63,25.53,81.51,126.18,349.06,63.17,23.17,2977.81,132.86,48.0,40.18,42.31,31.77,43.25,176.16,120.84,102.34,153.16,99.76,51.21,612.78,62.93,35.77,185.87,37.36,417.07,132.46,56.49,41.94,55.44,621.93,58.78,344.64,82.92,219.47,62.25,28.59,78.01,80.98,91.86,44.81,72.94,103.3,335.93,249.29,75.59,84.93,85.73,0.6147,59.29,655.94,25.03,38.72,42.36,691.33,306.71,45.25,221.05,34.1,68.49,28.17,80.14,94.58,66.23,512.27,122.97,12.19,62.16,163.53,145.4,93.69,48.95,49.33,106.27,28.1,28.75,205.3814,166.74,29.22,484.54,4041.0,1556.21,22.99,128.59,72.03,54.82,376.49,348.26,63.345,96.75,467.38,230.79,61.65,221.68,68.0,79.6,45.7,161.01,81.52,310.87,190.79,44.6,52.95,35.65,43.15,213.39,19.34,49.11,293.47,89.79,47.26,63.59,204.86,48.97,258.4
2021-11-10 00:00:00-05:00,147.92,125.67,3.18,34.0,364.76,647.31,180.77,65.39,229.6,320.53,50.84,65.33,150.36,139.85,3482.1067,82.29,94.07,66.66,40.77,548.77,172.0,92.3,34.95,94.37,32.47,200.32,57.05,177.48,90.4,78.47,165.44,26.57,41.4,299.7,281.475,57.76,80.66,47.68,92.96,37.0,78.15,188.76,203.39,113.19,101.67,139.27,73.22,65.46,345.04,83.74,103.45,64.69,54.45,327.65,118.39,100.25,25.49,80.83,123.75,333.4,63.53,26.0,2918.79,132.48,48.06,40.66,41.53,31.515,43.5,179.55,120.22,104.03,151.13,100.64,50.75,603.92,63.53,35.86,183.61,37.48,404.35,134.72,56.72,42.47,56.07,605.95,58.57,357.95,80.95,219.67,62.72,29.07,79.045,82.31,92.0,44.76,70.94,105.52,330.8298,247.12,73.4,85.2,84.38,0.579999,58.9,646.91,25.31,38.83,40.79,670.91,294.4,45.69,214.21,34.32,68.81,26.66,78.82,93.85,66.92,498.95,123.12,12.395,62.71,164.0014,146.85,94.39,48.84,50.12,106.26,28.045,28.77,204.64,159.78,29.23,470.46,4012.645,1474.46,23.27,127.61,72.73,52.85,361.18,337.69,63.85,94.21,463.63,227.32,63.18,222.31,70.78,78.56,46.05,160.71,82.53,297.32,186.96,44.76,52.97,35.67,43.43,215.57,19.44,48.96,291.02,90.65,47.34,64.38,197.81,49.14,251.25
2021-11-11 00:00:00-05:00,147.88,125.74,3.19,34.72,366.19,643.17,183.15,66.14,228.61,325.31,50.52,64.69,153.9,145.98,3472.46,82.81,94.81,67.49,40.52,555.4,170.63,93.97,35.15,81.93,32.085,200.82,57.07,177.23,90.28,77.98,165.95,26.77,40.93,302.98,280.88,56.76,81.07,47.69,94.23,37.49,79.02,190.22,204.03,112.49,100.24,144.44,73.3,65.22,344.37,82.5,103.13,64.58,54.7,327.75,119.39,99.92,25.5,81.19,120.5,336.89,62.91,26.45,2915.4575,128.66,42.11,40.14,41.5,31.69,43.35,178.35,120.28,102.26,150.26,99.4,50.53,606.87,63.26,35.62,185.79,37.27,412.8,134.01,56.72,42.27,55.29,613.7,57.85,354.4832,83.5,222.85,62.47,29.05,78.17,81.45,92.26,44.9,73.47,105.35,332.46,247.89,74.55,85.37,84.94,0.586,60.33,657.41,25.08,39.01,44.6,679.35,303.91,45.66,218.95,34.38,67.69,25.28,81.62,94.04,66.27,507.4,123.4,12.35,62.15,162.66,146.4,94.99,48.71,49.88,105.89,29.05,28.77,202.03,164.42,29.69,468.12,4036.97,1490.95,23.79,126.07,71.91,53.27,369.18,340.49,63.048,94.01,463.81,226.52,62.94,224.74,70.21,77.57,47.35,163.21,83.14,298.02,188.56,45.19,52.45,35.0,43.37,210.41,19.6,49.94,295.21,89.04,46.94,63.5,208.83,49.05,247.605
2021-11-12 00:00:00-05:00,149.99,125.37,3.14,35.005,371.26,657.6,184.74,65.92,230.93,329.43,50.43,64.02,156.82,147.89,3525.97,84.02,95.44,69.69,40.23,563.22,170.74,95.13,35.26,85.18,32.24,199.44,56.15,181.43,89.9,78.03,166.04,26.6,41.55,306.63,284.3,56.82,81.98,48.74,94.03,37.4,76.61,193.03,204.84,111.96,99.9,145.44,73.9,64.25,346.73,81.96,101.63,64.49,54.39,340.9,116.86,100.8,26.08,80.26,124.58,342.17,63.24,27.78,2974.24,131.61,41.69,39.95,42.0,31.82,43.43,177.7,118.94,102.34,152.58,99.31,50.33,627.27,63.21,35.65,186.63,37.21,413.29,133.9,56.61,42.43,55.3,624.45,56.5,363.55,83.37,224.8,62.78,28.9,77.83,81.74,92.05,44.935,73.47,105.46,336.73,251.43,77.305,86.31,85.93,0.5789,60.2,682.63,25.09,38.85,42.86,691.34,303.9,46.06,217.74,34.45,66.87,26.94,81.94,93.55,66.55,515.06,124.58,12.26,62.17,162.63,146.54,94.76,48.88,49.35,106.6,28.94,28.59,208.26,164.93,29.77,479.41,4017.0,1669.52,24.15,127.1,71.16,53.6999,386.76,347.01,61.88,102.71,467.26,227.25,61.99,226.39,69.56,76.21,47.6,164.27,81.23,304.21,190.04,44.82,52.45,34.01,42.13,212.1,19.66,49.54,296.41,88.75,47.135,63.11,214.0,48.92,255.02
2021-11-15 00:00:00-05:00,150.0,124.44,3.15,34.84,368.68,660.03,185.13,66.96,233.2,326.4,51.03,64.49,156.34,146.46,3545.69,84.98,96.23,70.4425,40.52,565.95,172.73,96.19,35.41,83.73,32.3,198.32,56.02,182.42,91.16,78.3,169.93,26.96,41.74,305.63,254.2,57.28,81.96,48.38,93.5,37.91,77.69,191.0,205.04,113.2,100.62,141.26,74.23,64.6,348.07,83.52,105.03,65.6,54.78,347.61,115.66,101.83,27.05,80.0,126.02,335.369,63.71,27.83,2969.55,131.71,42.04,40.56,42.28,31.35,43.44,177.47,118.86,104.62,152.37,100.08,50.33,626.27,63.93,35.71,188.2,37.63,413.25,134.785,56.63,42.66,56.26,630.51,58.2,361.45,83.23,221.86,62.86,29.19,78.82,82.7,93.02,45.2,72.93,105.52,336.08,251.16,76.79,87.34,87.34,0.5535,60.61,679.51,25.55,39.18,41.88,682.14,300.24,46.88,215.79,34.96,68.96,26.74,79.43,94.03,66.44,518.54,124.48,12.375,63.33,163.87,147.41,95.35,49.74,49.91,107.65,29.1,28.84,212.57,168.52,29.98,473.0,4004.0,1656.3,24.54,128.93,70.71,55.52,393.33,345.94,62.2,104.76,467.39,233.14,63.6,228.82,71.28,76.44,49.23,164.24,84.11,304.59,189.31,45.36,52.32,34.51,42.32,212.32,20.46,49.23,295.6,90.55,47.55,64.34,215.27,49.22,263.71
2021-11-16 00:00:00-05:00,151.0,123.87,3.12,33.98,371.22,670.79,187.67,66.41,235.25,333.71,50.93,63.68,157.82,152.45,3540.7,85.06,94.58,66.14,40.29,568.77,170.77,95.73,34.91,83.44,31.9955,196.5,55.52,187.02,91.09,77.88,169.93,26.78,41.38,307.19,262.51,57.02,81.74,48.45,92.93,37.76,75.87,193.35,206.61,112.82,99.08,139.58,75.89,63.82,350.48,83.35,105.29,65.4,54.25,342.93,115.11,102.06,26.85,77.85,130.45,341.01,63.29,28.24,2957.52,129.34,40.5,40.03,42.17,31.21,43.1,177.73,118.49,106.97,152.98,99.48,50.61,645.41,63.35,35.58,192.83,37.04,423.2,133.86,56.24,41.69,56.01,634.26,57.74,369.68,84.26,220.64,62.47,28.85,78.61,83.49,92.3,44.46,73.82,106.42,339.58,254.11,76.81,86.99,86.73,0.5674,60.5,687.5,25.27,37.89,40.94,692.54,301.865,46.24,219.22,34.82,68.09,27.61,79.79,95.64,66.41,525.5,125.06,12.32,62.72,163.26,147.24,93.11,49.68,49.35,106.37,28.74,28.69,215.67,181.8,30.02,485.94,3999.99,1673.96,24.52,127.52,70.11,55.11,401.81,353.46,62.01,104.13,469.24,238.44,62.27,231.13,69.38,76.52,48.24,164.92,83.59,310.78,188.56,44.95,52.01,34.49,41.58,215.29,20.43,48.57,299.81,90.17,47.31,64.11,219.08,48.56,264.48
2021-11-17 00:00:00-05:00,153.65,124.67,3.13,34.11,372.78,670.69,187.04,65.66,236.95,330.75,51.34,63.26,155.98,151.34,3548.86,84.91,93.88,64.19,39.91,569.63,170.79,95.63,34.99,80.48,31.82,193.69,55.61,187.77,91.5,77.595,169.28,26.71,41.58,308.03,269.78,56.81,80.99,48.38,92.75,38.44,74.0,190.05,209.67,112.75,98.98,138.14,73.4,64.45,354.55,83.78,105.78,65.73,53.57,340.81,110.44,100.89,26.86,76.06,124.05,341.37,63.13,27.61,2960.93,125.5,40.79,39.91,41.03,30.94,43.32,179.34,118.06,106.22,152.83,98.88,50.23,635.27,62.99,35.69,194.38,36.56,419.85,134.42,55.91,40.67,56.09,630.63,58.71,359.19,82.8,223.8,62.16,28.76,74.06,83.96,91.4,44.43,73.69,107.44,339.15,252.14,75.48,87.8,87.31,0.5372,60.25,691.69,25.29,37.96,40.27,684.93,292.57,45.97,217.799,34.84,68.18,28.35,79.11,95.34,67.37,513.87,125.85,12.47,62.46,163.38,147.11,93.67,49.67,49.47,105.91,28.93,28.5,206.33,183.6,30.2,483.24,3950.0,1637.49,24.69,127.82,70.13,54.58,397.58,354.01,62.17,105.78,468.11,231.86,61.89,234.02,68.87,75.66,47.73,166.06,82.62,302.79,189.63,45.27,51.78,34.41,41.56,205.04,20.21,47.8,301.06,90.81,47.37,64.99,216.14,48.15,263.76
2021-11-18 00:00:00-05:00,157.89,124.5,3.1,34.71,370.8,670.95,188.1,66.6,237.95,322.21,51.01,62.7,158.74,155.02,3696.07,84.77,92.62,62.68,38.97,574.82,171.52,96.02,34.84,78.43,31.11,190.95,52.87,186.05,91.22,76.4,165.84,26.42,40.98,302.98,264.62,53.64,81.06,48.68,95.39,38.18,73.07,190.8,210.1,111.39,98.37,137.33,74.71,64.6,347.31,83.2,105.48,65.09,53.55,338.69,109.01,101.26,26.69,75.41,119.6,343.7,62.9,27.6,2997.49,126.86,42.0,39.27,40.61,31.42,42.62,180.11,116.71,106.38,150.03,98.41,49.68,630.85,62.41,35.57,194.29,35.38,423.24,133.06,55.41,41.41,55.25,635.63,56.9,348.37,83.31,225.36,62.35,28.26,74.16,83.54,89.4,44.01,75.2,107.44,341.27,257.21,77.02,87.61,87.26,0.5216,59.49,681.99,25.12,38.15,38.84,675.84,316.61,45.77,220.58,34.64,67.21,28.99,78.6,94.67,68.43,520.22,125.53,12.1,62.4,163.42,147.12,91.56,49.63,49.51,105.22,28.75,28.27,200.5,186.5,29.7,472.2,3945.0,1683.18,24.09,125.82,70.4,53.44,397.45,352.09,61.63,105.48,469.71,230.35,61.33,236.99,68.88,74.93,46.51,164.24,82.56,291.07,193.51,44.09,51.33,33.89,41.3,203.32,20.15,47.82,298.76,90.13,47.58,64.33,220.58,48.075,255.75
2021-11-19 00:00:00-05:00,160.56,120.54,3.06,33.74,369.7,688.36,188.82,65.32,237.87,322.35,51.15,62.59,150.03,155.44,3676.82,85.13,94.94,62.37,38.81,568.7396,173.38,94.06,34.33,77.62,30.72,194.22,51.81,188.13,92.24,77.2,166.98,26.55,40.58,301.13,257.56,53.24,81.99,47.81,93.16,38.66,71.44,192.69,208.71,111.14,98.41,132.35,74.64,64.91,352.85,83.86,105.95,65.6,53.59,345.31,109.94,100.08,26.8,74.3,114.57,342.5,62.03,27.85,2978.255,125.91,40.58,39.57,40.45,31.45,42.64,179.33,116.02,108.68,150.06,96.86,49.53,692.59,61.93,35.15,194.58,35.34,422.08,134.48,55.13,40.89,56.78,644.5,56.34,339.72,82.67,221.05,60.51,28.46,75.34,83.97,89.3,43.4,74.595,110.38,343.04,253.11,83.0322,88.31,87.5,0.5224,58.97,678.79,25.22,38.22,41.1,675.97,330.0,45.6,221.27,35.12,67.94,27.93,80.4,93.98,69.62,530.49,125.0,12.38,63.085,163.82,146.84,90.41,49.56,49.94,101.35,28.62,28.4,193.61,184.99,29.87,464.75,3945.25,1689.64,24.21,124.32,70.55,51.31,392.32,358.18,62.66,105.04,468.91,225.07,61.55,235.38,69.97,74.15,45.9,165.22,81.5,285.0,195.16,43.9,51.46,33.15,41.28,200.93,20.05,46.98,286.92,90.53,48.57,65.11,220.85,47.9,251.32
2021-11-22 00:00:00-05:00,161.08,121.1,3.04,36.19,363.34,673.72,185.85,66.43,236.83,310.55,51.68,63.21,147.55,152.49,3572.83,84.26,95.61,62.2,39.51,553.23,174.61,94.19,34.61,75.65,31.37,200.14,52.15,184.51,93.77,77.56,167.6,26.63,41.07,296.85,239.6,54.59,81.4,47.55,92.98,38.96,72.76,180.75,207.75,112.9,100.25,126.21,73.57,64.89,350.28,84.68,107.29,66.45,53.96,341.02,107.9,95.72,26.76,74.405,111.33,330.88,62.88,28.43,2926.15,123.53,40.99,40.0,40.0,31.94,43.01,181.15,116.47,109.2,149.3,97.83,49.82,661.63,62.38,35.87,192.09,35.48,407.91,135.44,55.46,42.85,57.87,647.09,57.27,321.25,82.68,222.07,60.98,28.8,76.53,84.77,90.11,43.98,72.75,111.095,339.89,255.63,83.87,87.35,87.62,0.4955,59.87,659.11,25.47,39.01,40.06,656.27,319.14,45.84,221.86,35.41,67.93,26.0992,81.68,94.62,70.17,540.66,124.39,12.25,63.51,164.17,147.79,89.77,49.75,50.56,103.77,28.63,28.51,189.48,181.47,30.34,459.0,3951.0,1595.96,24.36,126.43,70.94,49.25,355.95,348.0,63.12,106.31,467.53,211.27,62.66,234.3,69.37,75.37,47.46,162.56,83.13,279.65,192.42,44.68,51.27,34.75,42.22,195.61,20.27,47.32,274.62,91.52,48.72,66.31,220.52,48.36,241.93
2021-11-23 00:00:00-05:00,161.42,123.64,3.05,35.26,360.72,665.77,182.46,66.75,236.04,303.76,52.01,63.6,148.92,149.95,3580.56,84.8,95.3,61.7404,39.46,555.13,173.03,94.29,34.9,74.5,31.535,200.54,53.35,181.44,94.13,77.92,168.78,26.61,41.52,291.41,230.56,55.3,80.77,47.9,93.62,39.17,74.14,179.43,207.89,112.25,100.74,128.42,71.64,65.52,349.7,85.2,106.27,66.19,54.38,337.26,108.7,96.11,26.97,74.25,107.73,327.42,63.44,29.01,2916.23,125.04,41.07,40.05,39.38,32.2,43.25,182.22,116.8,108.88,147.59,98.47,49.11,670.73,63.38,35.92,195.28,35.81,412.01,135.87,55.88,43.06,57.85,661.43,57.07,328.8,83.36,226.44,61.41,29.21,77.79,85.39,88.62,44.24,73.22,109.83,337.75,257.11,85.41,87.31,86.99,0.4757,61.36,654.0,25.54,38.81,38.9,636.9,317.32,45.56,219.3,35.43,67.97,25.9,81.44,92.94,68.97,533.3754,125.47,12.34,64.21,165.25,149.43,89.65,49.79,50.51,103.74,28.57,28.73,188.05,180.98,30.3,460.27,3989.8,1573.06,24.58,133.67,70.36,50.66,343.81,344.7,63.01,105.98,468.25,210.57,62.65,236.97,69.85,76.5,47.73,160.78,83.24,275.25,192.64,44.61,52.25,34.68,42.45,198.48,20.61,47.39,274.31,91.01,48.29,65.84,220.25,48.46,206.57
2021-11-24 00:00:00-05:00,161.94,123.44,3.03,34.83,362.54,668.48,182.47,66.33,234.34,256.7,52.22,62.98,149.04,157.78,3579.08,84.32,95.01,60.9,39.41,558.84,173.46,92.84,34.6,75.55,31.6,197.27,52.52,183.46,93.39,77.76,168.13,26.77,41.37,289.25,230.94,55.55,80.76,47.58,92.67,39.08,73.26,180.34,207.36,112.15,100.18,126.64,72.67,66.15,349.25,84.94,106.39,65.54,54.52,341.01,109.9,99.33,27.03,73.79,109.13,333.38,63.31,28.96,2922.42,124.62,41.78,39.89,39.08,35.44,42.95,180.97,116.75,108.2,147.56,98.16,49.77,684.17,63.2,35.6,199.64,35.17,413.1,135.24,55.43,42.53,57.62,660.79,55.95,340.0,83.89,226.03,61.31,29.32,77.27,85.46,89.11,44.09,73.86,106.66,337.9,261.3,86.23,87.21,87.67,0.49,61.86,658.19,25.48,39.2,38.13,649.31,326.73,45.62,220.96,35.39,68.6,26.915,80.37,93.59,69.01,549.73,125.06,12.46,64.61,163.75,148.68,90.04,49.76,50.55,103.71,28.7272,28.66,188.66,180.67,30.31,464.31,3960.0,1630.35,24.65,132.34,69.01,49.68,355.36,349.36,63.1,104.83,469.37,215.6499,62.83,232.5,70.23,76.34,47.26,160.35,83.25,283.67,193.6,44.91,52.1,34.77,42.86,203.23,20.62,46.62,278.0,90.69,48.01,65.58,230.13,47.78,208.35
2021-11-26 00:00:00-05:00,156.88,120.23,2.94,35.76,353.74,662.53,178.13,64.4,229.62,254.18,51.705,60.11,143.27,154.89,3505.39,81.64,93.46,60.61,38.82,546.64,170.65,90.45,34.27,76.88,31.61,194.85,50.71,178.34,93.39,77.07,174.05,26.21,41.51,284.35,232.64,54.7,78.48,46.83,91.5,37.91,71.28,181.15,202.1,110.7,99.37,126.0,72.54,64.94,334.42,84.78,103.21,64.54,53.42,333.47,108.01,98.32,26.51,72.25,107.86,327.39,62.83,28.56,2844.62,122.981,41.6,38.78,38.78,34.58,42.83,178.09,115.87,106.83,144.61,96.61,48.82,667.1,63.66,34.98,191.38,34.85,399.14,135.3,53.77,43.17,56.76,641.98,52.8,324.66,80.1,221.99,60.26,28.29,75.05,85.56,87.05,43.74,72.07,104.28,329.79,253.59,83.43,86.1,85.81,0.4669,60.25,665.6,25.0,37.56,36.58,650.57,315.205,44.34,212.45,34.56,66.08,26.41,76.53,92.42,66.54,534.23,122.44,12.24,63.64,161.19,147.49,88.7,49.65,49.57,102.23,28.27,28.2,187.79,175.79,30.3,455.25,3906.65,1578.36,24.27,131.02,66.56,49.8,362.36,342.25,62.09,102.55,459.03,212.24,61.52,229.64,69.25,72.74,45.63,156.02,81.34,290.77,188.23,44.16,52.5,33.0,41.54,197.65,20.16,45.93,277.57,89.23,47.25,64.79,223.95,46.15,220.23
2021-11-29 00:00:00-05:00,160.23,120.23,2.89,35.45,365.62,687.49,183.2,64.79,235.95,261.15,52.29,60.39,151.22,161.9,3560.68,82.89,93.81,60.31,39.16,564.05,173.25,90.53,34.31,74.62,31.51,197.26,51.86,186.69,93.73,77.7,169.18,26.58,41.19,296.66,224.51,55.75,79.72,46.58,92.03,38.06,70.83,182.99,204.99,111.47,100.17,124.88,70.53,66.01,340.0,85.24,105.04,65.27,54.16,338.02,105.39,97.47,26.4,71.54,108.67,343.1,63.52,28.93,2910.41,120.26,40.84,39.3,38.81,35.92,42.49,179.15,118.4999,107.71,147.19,97.68,50.0,694.65,63.88,35.17,197.64,34.78,413.63,135.04,54.57,42.34,57.27,680.54,53.25,322.62,84.38,223.32,60.63,28.28,75.28,86.99,86.83,43.47,75.04,105.53,336.55,259.49,86.14,88.625,86.63,0.466,59.75,663.68,25.26,37.69,37.56,672.5,333.76,44.48,223.94,35.09,66.74,26.755,76.92,92.96,67.44,551.47,123.71,12.38,64.25,164.14,148.99,87.36,49.61,50.28,100.6,28.28,28.43,187.16,183.73,30.11,442.35,3950.01,1565.51,23.82,129.39,69.08,48.83,364.89,355.87,62.8,102.1,464.63,212.81,61.9,226.92,68.79,73.15,45.33,159.26,81.85,293.01,194.38,43.37,52.78,32.72,42.11,196.29,20.09,46.1,281.59,90.48,48.44,65.59,232.95,46.82,218.98
2021-11-30 00:00:00-05:00,165.43,115.755,2.815,35.16,357.44,668.48,180.15,62.21,231.17,254.1,50.62,58.62,147.19,158.5301,3507.52,80.54,90.34,58.57,38.5,553.48,168.53,86.55,33.65,70.26,30.55,194.35,49.35,177.33,89.36,75.02,162.85,25.91,40.33,285.39,216.79,54.87,78.01,45.0,89.08,37.33,67.51,178.79,203.17,108.31,97.0,124.17,67.52,65.28,332.28,82.29,100.34,63.31,52.73,324.19,104.52,96.68,25.82,70.89,108.03,331.98,61.77,28.95,2837.95,119.14,39.39,37.98,37.385,35.26,41.41,177.47,117.14,104.62,142.36,93.16,49.19,652.34,61.18,33.98,194.48,33.61,407.89,130.32,52.45,41.56,54.78,679.85,51.94,314.91,83.43,216.72,58.94,27.24,72.36,85.81,83.74,42.64,71.09,102.7,330.58,253.13,83.96,86.79,85.02,0.439,57.8,641.77,24.52,36.77,36.98,647.51,327.1,43.1,223.35,34.34,64.75,26.95,75.51,90.74,65.39,546.67,119.2,11.87,62.49,159.77,144.59,85.94,49.24,48.68,96.6,28.09,27.82,184.89,180.57,29.18,451.25,3920.0,1520.04,23.5,126.44,67.27,47.66,339.79,341.0,61.11,100.19,455.78,208.38,59.85,225.37,65.81,70.04,44.42,153.89,78.96,286.15,192.29,41.24,50.84,31.42,41.35,193.8,19.88,44.8,274.19,86.93,47.27,63.74,228.0,46.99,211.41
2021-12-01 00:00:00-05:00,164.67,114.04,2.755,34.27,360.14,656.45,180.81,61.82,226.86,249.52,50.85,58.82,151.68,149.0001,3443.7,79.97,89.43,57.28,38.9,554.53,167.79,84.45,33.725,66.22,30.46,190.59,49.35,175.19,90.67,75.42,165.74,25.76,39.89,251.4978,201.5,55.0,76.85,44.67,88.79,37.11,65.03,164.28,200.76,109.15,96.6,120.25,66.81,65.58,325.37,82.38,100.38,63.14,52.28,310.57,102.34,95.58,25.63,70.17,105.01,305.25,61.42,27.62,2818.57,117.86,38.4,38.71,37.37,36.46,42.06,175.44,116.92,105.39,141.5,92.99,48.59,664.02,61.04,33.57,193.65,32.87,412.16,131.78,52.3,40.24,55.36,693.53,50.23,306.19,84.42,215.36,58.56,27.4,72.88,86.52,81.02,42.99,70.83,101.14,329.98,245.75,85.12,87.73,83.72,0.38075,58.05,617.76,24.39,37.35,35.13,599.36,313.97,43.25,223.06,34.51,64.49,26.0,76.54,89.7,65.25,528.16,117.829,11.74,62.41,160.135,146.37,86.87,48.19,48.96,94.85,27.71,27.87,179.21,175.63,29.26,438.25,3849.95,1460.31,23.5,126.45,67.75,47.25,310.5599,334.1,61.1,99.53,450.53,194.53,59.64,223.2,64.99,68.07,43.99,152.68,78.26,259.53,191.76,41.31,50.6,30.11,40.89,190.11,20.55,43.72,260.91,87.68,47.2,64.22,219.13,46.18,197.8
2021-12-02 00:00:00-05:00,163.79,115.86,2.802,35.99,365.6,671.92,180.65,62.43,232.45,257.65,49.43,60.96,146.49,150.68,3437.36,81.47,90.71,57.28,39.12,552.45,170.46,86.06,33.99,67.37,30.99,196.3,52.05,184.68,91.07,75.49,166.47,26.23,40.52,261.5,209.35,56.16,79.43,46.2,89.99,37.21,66.65,169.46,205.13,110.0,97.66,122.68,67.52,65.51,334.75,83.12,102.0,63.75,52.91,310.38,105.72,99.83,25.47,70.97,107.07,313.08,62.87,27.68,2858.32,121.8,39.06,39.18,37.6,37.66,41.97,176.63,116.9,106.63,140.5,94.15,49.52,671.75,61.93,34.15,198.48,33.24,402.51,132.78,53.09,44.62,55.93,661.58,53.07,320.345,84.24,220.6,59.46,27.73,74.43,87.02,82.97,43.22,71.02,103.83,329.49,252.54,82.88,88.67,85.1,0.39,60.25,615.78,24.82,38.19,34.7,623.46,321.11,43.79,222.72,35.2,66.18,25.64,79.26,90.0,67.24,535.47,120.65,12.0,63.2,160.62,147.25,87.9,45.19,50.19,98.31,28.06,28.24,187.2,177.03,29.41,460.88,3774.51,1446.18,23.58,127.89,68.58,47.85,360.05,349.73,62.03,101.14,457.38,192.2,60.71,225.29,65.93,70.19,45.38,157.63,80.82,267.115,193.6,43.05,51.43,31.42,41.6,198.3,20.97,44.63,266.66,88.88,48.57,64.65,218.765,47.54,191.57
2021-12-03 00:00:00-05:00,161.85,116.75,2.81,35.69,361.42,616.62,180.89,62.53,230.06,259.16,50.4,61.21,145.9,144.03,3390.26,81.66,92.77,57.36,39.25,558.47,171.64,86.62,34.43,64.62,31.37,195.72,53.12,177.94,92.32,76.77,168.21,26.94,41.13,258.31,197.15,56.24,78.52,46.05,90.88,36.92,64.67,164.19,204.81,111.9,99.88,125.28,67.04,66.6,335.3,85.3,103.26,64.89,52.75,306.82,103.31,100.51,25.73,71.02,102.14,302.82,64.24,27.12,2840.04,120.23,39.06,39.14,37.52,37.55,42.74,179.6,118.81,106.93,140.77,94.12,49.28,648.39,63.0,34.47,199.3,33.64,400.785,135.39,53.55,43.4501,56.96,661.75,53.98,322.12,85.31,218.61,60.28,28.12,75.86,88.55,83.7,43.925,83.59,102.91,323.15,248.12,81.65,88.03,84.55,0.346,60.57,602.35,25.1,38.46,32.72,613.12,307.06,44.55,227.15,35.94,66.53,25.325,77.4,88.25,67.11,520.87,119.86,11.81,63.45,164.71,149.88,89.38,45.25,50.47,97.37,28.0,28.66,183.93,176.534,29.65,460.17,3775.67,1410.98,23.89,128.77,68.76,46.78,345.32,344.79,62.82,98.99,453.43,181.19,61.74,226.18,66.72,69.99,45.75,155.99,82.61,247.99,193.411,43.1,51.3,31.22,41.94,196.22,20.69,46.56,267.26,91.18,48.48,65.17,217.07,46.73,183.92
2021-12-06 00:00:00-05:00,165.29,118.89,2.82,36.76,362.48,621.64,181.03,63.11,232.14,265.48,50.69,62.77,147.37,138.99,3427.98,82.75,94.54,58.075,40.32,564.76,173.92,86.56,34.87,67.35,31.77,201.92,54.1,177.2,94.17,78.59,168.78,27.72,41.3,258.8,194.59,56.97,80.71,47.11,92.64,36.98,65.86,161.42,209.46,114.23,101.21,126.25,66.05,68.19,341.59,86.12,104.97,66.76,53.53,317.87,107.01,103.11,25.69,70.56,102.55,292.01,64.45,28.0,2862.75,127.03,38.91,40.2,38.81,36.9308,43.05,180.7,119.95,108.57,143.05,96.75,50.99,645.34,63.59,34.79,195.16,34.26,399.57,136.46,54.92,45.13,57.94,667.18,54.82,333.51,83.94,223.99,61.42,28.56,76.95,90.1,85.71,44.43,85.43,102.9,326.47,250.68,82.44,89.15,84.84,0.3444,61.68,612.59,25.69,39.71,32.84,616.16,300.33,46.06,224.28,36.66,69.63,25.07,79.69,88.94,67.55,500.81,121.91,12.53,63.74,166.42,152.17,91.44,45.61,51.23,100.02,27.95,29.21,184.81,175.42,30.08,492.27,3817.68,1429.0219,24.54,131.0,69.61,47.91,341.36,345.34,64.65,99.97,458.78,179.53,63.86,230.89,70.81,72.99,46.86,157.73,83.49,251.18,194.65,44.24,52.63,33.18,44.41,202.74,20.91,48.3,269.09,92.27,49.91,65.17,213.26,47.87,185.84
2021-12-07 00:00:00-05:00,171.21,119.54,2.86,35.81,371.34,650.49,186.67,64.17,235.19,276.81,51.01,62.83,156.92,144.88,3523.83,83.86,94.89,58.81,40.13,590.8,176.48,87.79,35.15,71.25,31.8,201.4,54.84,182.83,92.95,77.81,165.26,27.88,41.13,267.09,204.32,58.08,81.49,47.76,92.95,37.47,67.1,177.165,212.75,115.02,101.19,126.15,67.23,67.26,353.6,87.33,104.86,66.67,53.91,322.93,106.94,103.18,25.9,71.5,105.47,317.34,64.57,27.36,2945.79,129.78,38.7,39.87,38.8,37.29,42.43,182.02,121.61,108.33,145.19,96.91,52.57,673.78,63.08,34.92,202.43,34.52,419.36,136.9,55.21,45.07,58.36,706.46,56.43,339.52,88.93,224.62,61.42,28.69,77.04,87.8394,88.38,44.47,91.61,102.95,334.93,254.98,85.84,90.4,85.03,0.342,61.87,625.58,25.84,39.64,33.76,663.38,324.49,46.07,239.0,36.05,69.72,26.7,80.73,90.05,66.67,523.42,123.11,12.44,64.62,166.23,151.77,90.45,45.74,50.86,102.0,27.89,29.33,191.1,183.83,29.59,497.06,3884.98,1522.464,24.59,130.25,69.48,50.4001,363.21,356.4,64.48,99.07,468.24,189.52,63.02,233.815,68.61,72.92,46.69,159.28,83.97,265.21,199.03,44.53,52.35,33.97,44.27,207.44,20.93,48.26,280.35,92.34,50.15,66.03,224.05,48.52,189.09
2021-12-08 00:00:00-05:00,175.01,120.87,2.87,31.84,374.53,653.39,186.27,64.12,234.41,276.31,50.95,62.87,157.3,145.24,3521.58,83.54,94.4,59.27,40.44,588.86,176.76,86.98,35.57,74.13,31.72,187.51,53.77,184.2,95.01,77.76,167.73,27.63,41.84,266.25,209.18,57.02,81.21,48.11,93.1,36.99,67.68,183.16,211.91,114.53,100.86,126.38,67.155,66.84,355.96,87.35,105.5,66.93,53.41,330.51,108.34,103.95,26.0,71.39,108.42,322.54,64.22,27.58,2963.83,130.12,38.36,40.46,38.1,36.715,42.79,183.21,122.99,108.96,148.21,97.2,51.76,673.06,62.0,34.81,202.1,33.15,421.28,136.89,54.99,42.81,58.33,713.83,57.06,342.34,87.34,226.78,60.85,28.65,77.0,88.64,88.93,44.51,91.29,103.13,334.96,253.68,86.02,90.31,85.12,0.3728,62.54,627.94,25.82,40.27,32.99,665.45,318.26,46.38,228.08,36.07,70.54,26.42,79.37,88.94,66.73,530.32,123.04,12.63,63.9,166.51,152.37,89.89,45.62,51.11,101.97,28.04,29.17,197.37,182.68,29.795,503.02,3899.99,1521.0,24.99,129.89,69.27,53.43,370.25,364.59,64.75,99.9,469.54,194.71,63.65,234.62,70.13,73.51,46.11,158.87,83.53,274.91,196.36,44.85,53.0,34.07,44.17,209.2,21.2,48.49,282.31,92.56,50.5,67.09,224.65,48.395,195.13
2021-12-09 00:00:00-05:00,174.62,121.71,2.79,30.5,371.47,632.69,183.655,63.29,232.68,267.66,49.19,62.25,152.64,138.08,3483.15,83.135,95.25,59.07,40.31,583.48,175.82,85.48,35.64,70.1,31.87,181.89,52.98,179.62,95.56,78.0,166.91,27.54,42.18,264.23,201.23,57.56,80.99,48.03,97.3,35.75,65.2,175.22,208.07,115.2,100.32,125.0,66.59,66.51,355.83,87.53,106.25,66.42,53.14,329.82,105.0,103.53,25.74,71.02,103.85,316.42,63.97,27.51,2952.77,127.45,38.99,40.31,37.32,36.15,44.82,183.49,123.58,108.76,147.48,96.35,50.48,665.49,62.02,34.6,200.58,33.46,409.18,135.59,54.85,43.67,58.14,699.31,56.71,344.43,86.63,230.77,60.98,28.63,76.45,88.72,88.29,44.59,90.03,100.28,333.08,259.28,84.93,89.92,85.88,0.362,62.07,610.99,25.84,39.74,32.02,642.18,304.79,46.54,225.09,35.83,70.7,26.94,77.97,88.74,66.31,527.52,122.25,12.49,63.73,166.32,153.37,89.49,44.94,50.65,100.75,28.15,28.6,191.75,182.27,29.53,508.02,3887.81,1495.2898,24.62,130.65,68.73,52.36,361.37,354.41,64.58,97.85,466.34,186.62,62.69,233.5,68.48,73.87,45.57,157.21,83.76,268.3,193.39,44.49,52.9,32.955,44.05,211.36,20.89,49.18,279.35,92.8,50.16,66.8,215.02,47.39,188.26
2021-12-10 00:00:00-05:00,179.5,123.15,2.81,30.74,379.36,654.76,183.46,63.43,236.72,268.99,48.2,62.92,152.79,138.55,3444.99,84.27,95.73,58.6,40.84,632.09,176.11,86.9,36.72,64.51,32.09,187.75,53.47,184.23,95.65,79.475,168.52,27.87,43.14,265.97,198.62,59.25,82.11,47.95,98.86,35.24,63.31,174.65,209.94,116.21,101.5,125.63,66.88,67.06,361.39,87.89,107.41,66.93,53.9,329.73,104.46,103.19,25.92,70.99,104.27,332.63,64.77,27.87,2959.97,125.81,38.995,40.51,37.37,36.43,46.01,186.51,124.1,109.19,147.12,96.36,50.59,678.02,62.62,35.32,201.89,34.15,410.72,136.08,56.27,44.61,58.87,706.0,57.05,349.91,87.16,233.12,62.26,28.58,76.7,90.51,89.57,45.09,89.08,100.65,342.23,264.95,85.54,90.29,85.27,0.325,62.045,611.67,25.93,39.79,32.93,647.26,302.02,46.97,226.42,35.93,72.5621,27.52,77.69,102.63,67.37,531.95,124.25,12.34,63.78,168.96,155.46,90.05,45.55,50.76,102.11,28.09,28.73,188.47,183.93,29.72,511.66,3841.38,1460.06,24.63,132.88,68.84,50.82,370.84,362.36,65.08,97.57,470.72,181.19,63.15,235.33,68.75,73.68,46.24,160.36,84.11,264.43,196.01,45.75,53.24,32.7,44.39,213.38,21.03,49.5,279.71,93.47,50.43,66.49,217.27,47.28,185.25
2021-12-13 00:00:00-05:00,175.825,122.7,2.8,31.34,378.88,660.54,178.5,64.83,235.0,269.04,48.25,62.83,147.04,133.74,3391.22,83.77,97.49,58.745,41.43,623.79,180.97,87.83,36.505,63.08,32.54,191.605,53.27,184.52,97.88,81.13,172.06,28.07,43.72,265.83,198.74,58.615,82.19,46.655,98.9,35.61,63.42,172.03,209.12,117.22,103.23,126.82,66.735,67.21,360.44,89.63,107.925,67.6,54.195,334.54,104.76,104.37,26.35,69.92,102.965,332.29,66.05,28.125,2920.64,127.0,40.54,41.02,37.5,35.265,47.28,188.7,122.6801,111.63,146.5,94.67,50.0,670.69,63.49,35.395,204.07,34.523,400.83,139.25,57.865,45.575,59.99,686.92,56.75,345.48,85.21,231.59,63.445,28.55,78.56,93.1,90.13,45.385,87.35,102.26,339.44,264.58,84.43,91.75,86.535,0.4189,61.61,604.56,26.27,40.06,32.54,658.215,281.5,47.2,222.39,36.35,73.48,26.16,80.94,100.89,67.38,537.8175,124.4,12.27,65.46,169.85,157.7768,91.96,45.2,50.93,102.55,28.095,28.96,186.97,183.32,30.0,534.54,3866.0,1398.0,24.86,134.51,69.71,48.12,354.885,363.37,66.355,96.58,466.61,175.71,63.16,237.44,68.47,73.5,46.03,158.575,85.25,260.19,194.37,45.32,53.125,31.83,44.3,211.1,20.74,49.15,281.66,95.13,50.97,67.48,209.7,48.5,184.83
2021-12-14 00:00:00-05:00,174.34,123.31,2.83,30.26,369.78,614.88,176.28,64.86,229.72,263.23,48.18,62.76,147.75,135.61,3381.84,82.48,97.14,59.53,41.05,614.98,179.29,87.05,35.96,69.31,32.5,190.91,53.44,176.18,97.91,82.13,172.72,27.8,43.08,255.65,198.71,57.77,81.89,46.31,98.81,34.89,63.73,161.0,208.41,117.42,102.8,126.95,65.85,66.36,356.83,89.26,107.3,67.22,53.86,333.79,106.84,104.23,26.37,72.11,99.72,316.08,65.95,28.41,2878.12,128.29,40.92,41.33,37.52,35.6,47.89,187.68,123.78,110.08,145.68,95.37,49.74,639.48,63.37,35.07,198.07,34.79,399.7,138.1,57.83,45.58,59.57,679.35,56.9,340.47,84.92,229.54,63.4,28.6,77.66,91.58,90.39,45.42,85.3,100.08,328.48,259.54,83.33,90.03,85.3,0.3402,62.63,598.29,26.21,39.31,29.02,624.37,283.42,46.35,219.97,36.33,72.59,26.19,77.8,99.9,67.36,512.48,122.48,12.165,64.53,169.39,158.28,92.02,45.24,50.67,101.815,28.21,28.83,186.8,182.01,29.99,518.5,3801.75,1354.64,24.44,135.22,68.71,46.85,350.71,345.95,65.99,95.76,463.39,170.65,62.35,236.82,68.43,73.53,45.88,157.07,85.79,255.71,190.38,44.77,53.03,31.79,44.64,209.99,20.77,49.355,273.3,94.78,50.78,67.39,209.84,47.11,181.89
2021-12-15 00:00:00-05:00,179.3,123.76,2.8,30.18,375.34,630.6,179.43,65.08,233.91,271.73,48.43,64.45,153.66,146.53,3466.93,84.36,98.54,60.26,41.62,639.86,182.29,87.78,35.88,66.86,32.92,191.33,53.54,184.28,99.13,82.76,176.15,28.08,43.49,259.82,210.74,59.96,82.91,46.09,100.53,35.09,62.89,170.9075,209.99,119.6,103.81,128.9,65.6,67.28,365.27,90.91,109.84,67.83,54.69,341.65,106.82,103.66,26.71,73.05,98.05,336.45,67.34,28.47,2929.55,128.09,41.73,42.18,38.4,36.26,48.61,189.77,123.11,112.33,145.0,95.68,50.67,647.57,63.5,35.65,203.93,34.88,410.01,138.28,58.055,46.22,60.5,697.94,57.21,346.34,88.0,232.21,64.8,29.73,79.85,92.21,91.2,45.95,88.42,101.64,334.66,262.57,85.67,91.97,86.88,0.3359,63.14,604.87,26.6,40.37,30.62,646.99,304.82,47.66,229.13,37.04,74.37,26.97,78.94,103.63,69.66,540.1025,125.31,12.27,65.57,171.57,158.86,92.73,45.56,51.83,103.02,28.3,29.27,190.67,189.41,30.64,524.58,3749.0,1366.26,25.16,134.73,70.4,46.42,359.99,361.31,66.74,97.07,470.58,173.8,63.54,241.07,69.37,74.56,44.91,160.72,85.91,261.46,193.44,45.11,52.7,32.61,45.63,212.25,20.7,49.66,279.27,97.0,51.4,68.83,217.89,48.43,183.72
2021-12-16 00:00:00-05:00,172.25,123.91,2.795,30.61,399.95,565.94,172.52,66.17,231.85,269.61,48.47,64.68,146.69,138.64,3375.94,83.54,100.32,61.48,42.23,620.64,182.84,88.28,37.09,66.15,34.4,190.01,53.69,179.62,101.53,83.94,178.11,27.97,44.17,253.28,200.4,60.31,84.7,46.97,101.18,35.43,63.34,164.06,210.29,120.32,104.55,129.34,64.04,67.96,362.73,90.91,110.68,68.12,54.36,334.88,108.45,104.82,27.24,73.9,95.43,322.99,68.86,28.6,2890.81,126.84,41.57,42.11,38.68,36.69,49.18,192.09,125.93,111.41,145.92,96.6,50.83,634.0,65.77,35.7,198.52,36.0,397.08,141.81,58.64,45.9,60.98,671.63,57.22,352.9,84.53,232.38,65.67,29.57,79.65,94.65,91.61,47.34,83.61,103.92,324.9,261.68,82.7,92.25,86.845,0.3251,62.25,590.76,26.91,39.78,27.46,609.38,283.85,48.42,217.85,37.03,75.18,25.32,78.42,103.16,68.26,523.52,124.71,12.23,65.61,171.84,161.08,94.36,45.09,52.57,104.43,28.09,29.47,188.74,178.14,31.07,510.84,3753.24,1326.82,25.17,138.88,70.89,44.63,324.89,352.9,67.56,97.6,466.43,165.85,63.35,241.53,69.78,74.0,45.0,160.04,86.19,260.82,188.31,44.95,53.29,31.95,45.54,214.31,20.93,49.26,272.31,98.34,50.91,68.96,199.77,48.26,182.35
2021-12-17 00:00:00-05:00,170.86,125.2,2.81,30.83,396.61,556.61,169.96,65.28,229.32,277.66,47.92,63.92,146.21,137.76,3400.34,82.48,98.82,61.36,41.0,635.05,183.08,88.07,37.36,69.1,34.58,192.98,53.56,178.98,98.1,82.48,174.2,26.97,43.1,252.96,205.1,60.52,84.78,46.07,100.33,35.19,64.54,170.06,210.89,116.6,103.03,127.45,64.0,66.7,345.92,89.4,109.49,66.89,53.5,334.05,108.01,103.64,27.07,76.31,92.295,334.17,67.65,28.77,2833.53,128.11,41.48,40.21,39.92,36.57,48.18,187.63,127.39,109.78,144.41,95.32,50.58,620.22,64.46,35.7,197.01,35.5,391.55,139.39,57.98,44.7841,59.75,668.72,58.09,349.3,84.18,232.98,64.94,29.24,78.59,94.07,91.49,48.25,83.75,108.16,323.65,259.02,83.0,90.93,85.05,0.318,62.07,585.86,26.87,40.29,27.845,618.47,277.87,47.69,218.4578,36.85,75.43,23.95,76.54,96.61,67.13,531.07,123.85,12.01,64.1,168.18,157.51,93.44,45.03,51.86,105.98,27.86,29.55,186.1,176.79,30.2,531.31,3865.0,1323.76,25.23,136.4,71.44,45.27,332.2,347.93,66.84,96.45,459.86,167.06,63.88,241.99,70.46,72.11,44.74,156.4,85.42,273.8,186.13,44.87,52.69,31.631,45.13,211.83,21.23,48.84,273.76,96.29,51.5,66.97,199.99,49.28,199.74
2021-12-20 00:00:00-05:00,169.88,126.06,2.67,30.0,385.91,549.96,168.35,64.22,229.4,275.38,48.07,63.66,145.04,135.84,3341.96,81.17,99.32,61.82,40.75,645.23,182.62,85.85,37.351,65.27,34.32,191.58,52.08,177.39,98.85,82.52,176.62,27.0,43.23,247.32,206.3,60.36,82.92,44.77,100.32,34.15,61.91,164.39,211.79,117.15,103.69,129.97,63.79,67.13,345.48,89.67,109.47,66.91,53.42,325.62,104.69,100.57,27.06,76.14,90.83,330.91,67.8,28.75,2832.34,123.66,41.305,40.39,39.61,36.14,48.48,187.86,127.06,110.18,142.32,93.64,49.6,605.1,64.35,35.485,194.24,35.27,385.38,141.33,57.55,45.51,59.94,661.21,59.04,337.29,82.61,234.45,64.79,28.81,78.48,93.91,91.66,48.12,84.16,109.1,320.17,255.9,82.07,89.95,83.1,0.3089,62.4,593.96,27.04,40.33,25.2,605.59,277.16,48.05,217.75,36.91,75.43,25.05,74.09,91.66,67.38,530.34,123.79,11.98,64.11,169.45,157.86,92.9,44.87,52.18,104.62,27.61,29.49,182.73,176.74,30.32,537.85,3832.0,1283.1227,25.39,135.05,71.19,44.4,331.04,346.46,67.13,95.27,454.99,158.3,64.46,239.48,71.83,71.22,43.4,153.08,84.85,268.56,184.24,44.54,52.53,31.35,45.09,208.73,21.08,48.84,269.7,96.28,51.39,67.13,196.26,48.46,197.97
2021-12-21 00:00:00-05:00,172.98,127.65,2.66,29.85,392.97,557.51,172.08,64.83,231.89,280.34,47.95,64.26,151.41,144.2698,3407.74,83.05,99.48,63.59,40.39,646.2,181.25,88.31,37.5652,70.24,33.83,191.92,53.33,182.93,98.41,82.09,171.19,27.31,42.32,252.48,210.3,61.04,85.21,45.83,100.8,35.26,63.85,177.49,214.1,116.5,103.03,132.17,63.7,67.24,352.78,88.98,109.25,66.28,53.94,334.25,109.92,105.2,27.065,75.22,97.2,339.19,65.07,28.5,2869.04,131.84,41.43,40.51,40.24,37.03,47.51,187.39,128.98,109.42,142.69,95.6,50.76,621.07,62.64,35.31,197.56,35.0,409.4,139.32,57.77,43.88,59.4,683.26,61.21,350.83,85.32,236.09,64.32,29.24,78.09,93.05,92.79,47.78,86.285,110.66,327.37,261.6,90.685,90.45,83.56,0.3182,62.75,604.7,26.83,40.13,27.06,631.78,290.86,47.84,224.38,36.98,74.38,24.92,74.94,91.52,68.7,537.64,126.44,12.07,64.32,168.9,157.76,93.05,44.81,51.8,105.74,27.81,29.42,189.16,179.59,30.36,527.07,3872.8,1371.21,25.34,131.92,69.73,46.12,354.81,359.29,66.41,98.12,463.035,170.4,63.54,241.36,72.0,74.5,44.54,156.79,85.25,277.12,186.36,45.3,52.28,32.96,44.7,215.46,21.82,49.94,278.79,94.75,51.97,66.34,206.44,48.44,199.39
2021-12-22 00:00:00-05:00,175.63,127.71,2.73,29.79,403.69,564.27,172.29,64.6,237.7,282.76,48.36,64.43,152.32,143.87,3421.08,83.99,102.12,64.1,41.23,655.34,183.44,88.99,37.06,68.66,33.45,192.08,53.715,186.59,99.39,82.455,170.77,27.47,41.97,252.8,207.61,61.54,85.91,45.93,100.87,35.92,64.38,179.71,216.61,116.69,103.16,131.49,63.94,67.63,361.78,89.35,109.95,66.64,54.39,330.52,110.0,106.19,27.06,75.03,90.89,348.46,65.7,27.9,2928.43,134.82,41.619,40.66,40.2,37.27,47.69,188.88,129.75,109.81,142.22,94.86,50.97,631.98,62.78,35.87,200.6,35.11,413.21,139.2,58.17,43.52,59.6,691.22,60.96,357.43,86.36,236.48,64.83,29.42,79.34,93.39,93.48,46.87,88.32,113.51,333.26,264.59,90.33,90.8,83.16,0.3226,63.12,614.48,26.91,40.43,26.37,644.04,294.14,48.33,226.82,37.2,74.95,25.68,75.29,89.85,69.24,554.84,133.47,12.02,64.59,169.97,159.32,92.92,44.96,52.09,106.4,27.89,29.41,191.7,181.37,30.41,521.35,3843.99,1385.635,25.76,133.14,70.43,46.77,358.72,364.83,66.64,98.14,467.69,167.4,64.12,243.16,71.53,75.27,44.66,156.75,84.92,268.96,186.95,45.32,52.45,33.91,45.28,217.95,22.32,50.41,278.07,94.77,52.56,66.73,215.17,48.92,193.13
2021-12-23 00:00:00-05:00,176.29,129.53,2.745,29.9,403.3,569.6,172.66,65.44,242.0,280.87,48.82,64.61,155.49,146.08,3419.77,85.06,102.72,65.16,41.28,664.47,182.03,90.17,37.06,67.85,33.33,194.7,55.24,187.43,99.52,82.79,169.83,27.52,41.96,253.15,211.56,62.25,86.28,46.445,101.31,35.79,64.5,180.42,217.07,116.82,102.97,132.54,64.88,67.66,365.88,89.44,110.09,66.76,54.49,335.16,109.05,105.52,26.89,75.39,93.0,349.03,65.99,28.065,2938.19,135.32,41.63,40.31,40.17,37.63,47.77,188.44,130.63,109.23,143.09,94.8,51.3,635.71,62.86,35.91,201.35,35.25,420.57,138.88,58.22,43.2,59.54,698.72,61.74,360.59,86.93,240.72,64.93,29.49,78.77,93.01,93.84,46.69,87.6794,112.54,334.49,262.9,94.39,90.69,82.86,0.3503,63.12,614.095,26.88,40.47,26.78,648.57,296.38,48.28,227.35,37.21,75.71,26.81,73.68,89.7,68.87,562.12,134.23,12.0,64.57,169.78,160.11,92.92,45.06,51.31,107.05,27.52,29.42,191.98,182.74,30.29,525.73,3930.99,1440.32,25.79,132.99,70.22,48.68,349.06,366.4,66.54,98.87,470.58,167.76,64.23,244.0,71.28,76.64,45.59,158.46,85.21,267.46,187.38,45.5,52.82,34.56,45.06,216.64,22.03,50.49,278.04,94.65,52.22,66.58,216.1,48.32,191.65
2021-12-27 00:00:00-05:00,180.33,131.9,2.74,29.53,415.28,577.75,175.42,66.09,246.3,284.29,48.45,64.95,162.72,154.35,3393.71,86.94,104.05,65.46,41.3,674.28,183.61,91.04,37.0,66.75,33.43,193.6,55.61,191.59,100.35,83.91,170.95,27.58,42.18,258.38,209.62,63.44,88.09,47.01,102.41,35.82,66.34,183.59,219.96,117.9,103.31,132.99,65.68,67.63,369.28,89.23,110.84,67.48,54.8,346.19,108.4,103.92,27.12,76.88,94.84,367.68,66.06,28.42,2957.07,133.59,41.94,40.69,40.74,38.12,47.98,189.93,131.63,110.27,145.24,95.82,51.94,652.93,63.27,36.115,207.88,35.421,440.16,139.8,58.65,43.74,60.0,723.51,61.75,360.43,89.35,245.39,65.52,29.8,79.41,94.15,94.78,46.81,90.85,113.71,342.45,269.04,94.425,91.34,83.3,0.3576,63.88,613.1,27.08,40.8,26.29,663.48,309.5,48.36,232.77,37.5,76.25,26.85,74.93,89.5385,68.74,567.86,135.62,11.91,65.07,171.49,161.97,93.54,45.11,51.71,107.8,27.79,29.54,192.0,186.37,30.55,511.57,3906.02,1400.01,25.86,133.9,70.57,48.65,352.09,375.6,66.97,101.77,477.27,168.48,64.45,246.84,70.16,77.51,45.68,162.79,86.16,262.34,191.87,45.71,53.255,34.88,45.41,217.6521,22.18,50.72,279.35,95.29,52.56,66.82,222.94,48.53,187.33
2021-12-28 00:00:00-05:00,179.39,132.41,2.73,29.83,415.27,569.56,174.42,66.95,246.19,282.79,49.35,65.66,159.64,153.19,3413.22,87.14,103.43,66.7,41.31,669.26,186.15,91.71,37.17,66.37,33.94,196.78,55.75,190.18,100.15,84.46,171.94,27.85,43.38,255.52,207.33,63.55,88.74,47.39,102.83,35.55,66.5,177.42,219.64,118.75,104.58,133.47,66.09,68.21,368.02,90.09,111.91,68.31,55.63,346.22,109.3,104.67,27.44,76.79,93.74,366.18,66.87,28.61,2935.19,135.2,42.22,41.25,40.17,37.95,48.435,190.95,132.65,111.43,147.48,97.35,51.77,650.05,63.96,36.37,206.96,35.88,432.12,139.81,58.89,44.425,60.69,715.96,62.22,360.72,88.02,246.49,66.03,30.38,79.43,94.97,94.7,47.4,87.93,113.72,341.25,269.7,92.95,91.89,83.19,0.3399,64.12,610.91,27.35,40.62,26.04,654.22,303.22,48.34,231.02,37.83,75.75,26.35,75.55,88.67,68.92,564.42,135.84,12.07,65.59,172.4,162.88,93.87,45.59,52.4,110.72,27.97,29.78,190.2,184.89,30.68,502.5,3965.0,1376.499,25.63,135.19,70.79,47.71,340.18,372.15,67.74,101.61,476.89,163.755,64.46,249.06,69.89,78.33,45.78,162.59,86.68,259.35,191.12,45.72,53.54,34.81,45.48,218.07,22.05,51.44,275.81,96.5,53.02,67.62,220.27,48.83,183.77
2021-12-29 00:00:00-05:00,179.38,133.36,2.71,30.06,415.33,569.28,175.45,67.01,247.96,282.57,49.94,66.21,160.98,148.2565,3383.01,87.94,104.85,67.16,41.87,672.21,187.44,92.19,37.3,63.26,33.885,198.95,56.17,189.88,100.97,84.92,171.38,27.95,43.21,254.55,206.84,63.97,89.58,47.36,103.73,35.61,67.84,179.55,221.88,119.4,104.77,133.12,66.46,68.44,370.09,90.61,112.45,68.52,56.65,342.89,109.28,104.27,27.43,77.44,93.35,367.03,67.03,28.35,2933.1,134.23,42.18,41.45,40.82,37.98,48.53,191.83,133.36,112.45,148.98,97.05,51.82,647.87,63.89,36.59,207.29,35.81,434.81,141.08,58.94,44.71,61.11,726.59,62.67,361.3,88.24,248.43,66.37,30.75,80.14,95.6,95.82,47.4,88.54,116.63,341.96,272.69,96.165,91.99,82.4,0.526407,64.47,610.54,27.69,41.16,27.05,654.58,299.97,48.74,230.36,38.12,76.81,26.955,75.75,88.22,70.42,564.19,137.38,11.99,65.98,172.93,164.19,94.31,45.66,52.9,112.29,28.18,29.785,189.9406,186.18,30.77,502.0,3928.02,1392.08,25.89,135.11,72.17,47.06,344.39,373.45,68.07,100.8,477.46,161.84,64.85,249.77,69.6,77.93,45.94,162.42,86.45,257.74,190.79,45.83,53.615,34.77,46.32,218.17,21.87,52.26,275.76,96.93,53.46,67.96,217.74,49.49,181.88
2021-12-30 00:00:00-05:00,178.25,133.79,2.76,30.17,413.95,570.18,174.78,66.9,245.53,281.71,50.23,66.13,157.95,145.09,3372.9,87.02,104.48,67.51,42.35,665.59,187.98,92.06,37.24,67.39,33.88,195.82,55.51,188.14,101.43,84.59,172.37,27.83,43.15,255.27,208.97,63.61,88.94,47.13,103.68,35.72,67.87,178.93,219.37,119.3,104.78,134.47,66.79,67.63,367.39,91.14,111.65,68.45,57.35,344.4,109.99,104.47,27.42,77.34,95.94,359.79,67.05,28.25,2924.03,136.31,42.37,41.61,41.27,37.75,48.57,191.31,133.92,113.05,148.54,96.51,51.75,643.38,63.94,36.68,206.8,35.66,427.45,141.49,58.78,45.15,61.47,718.33,63.03,361.04,87.08,248.9,65.76,30.75,81.36,95.585,95.39,47.26,87.44,118.91,339.32,271.01,93.88,92.78,83.42,0.4276,63.78,612.09,27.55,40.97,27.48,654.54,295.88,48.72,228.6,38.24,77.47,28.62,78.215,88.02,70.68,561.71,136.45,12.07,66.33,172.67,162.78,94.27,45.85,52.72,111.65,27.88,29.95,191.88,182.84,31.19,513.96,3931.0,1399.51,26.11,135.34,72.59,48.02,340.63,370.8106,68.37,100.08,476.15,165.29,64.97,249.39,70.0,78.01,45.91,160.6,86.35,265.32,189.48,45.9,53.58,34.74,46.47,217.93,22.4,51.99,276.49,97.13,53.48,68.23,213.89,49.49,190.5
2021-12-31 00:00:00-05:00,177.61,132.94,2.795,30.2,414.62,567.1,175.84,67.6,246.58,281.21,49.88,66.35,157.31,143.93,3334.72,87.46,104.77,66.51,42.51,665.52,188.85,93.37,37.42,65.13,34.15,197.36,55.93,186.35,102.52,85.34,174.3804,27.91,43.46,254.11,204.75,63.38,88.74,47.29,103.16,36.03,69.29,178.12,220.1,119.56,104.9,131.89,66.52,68.25,370.3,91.0,112.64,68.6,57.81,336.35,109.17,103.75,27.46,77.74,95.23,359.4,67.38,28.27,2897.04,135.19,42.61,41.49,40.92,37.66,48.81,193.52,133.65,113.35,150.66,96.64,51.5,643.09,64.43,36.86,206.47,35.915,430.11,142.93,59.22,45.25,61.48,719.15,63.38,359.37,87.09,248.69,66.31,30.82,82.18,96.61,96.0,47.4,87.57,120.4,336.21,271.69,93.12,93.37,84.42,0.3901,63.93,602.69,27.61,41.08,27.96,649.42,294.21,48.78,227.78,38.37,77.57,29.1,79.32,87.21,71.395,556.22,136.55,12.15,66.75,173.73,163.57,95.01,45.62,52.93,112.74,28.2,30.06,188.66,182.89,31.4,505.07,3945.0,1377.98,26.11,135.82,73.2,47.03,338.75,368.49,68.58,101.67,474.89,161.51,65.19,250.98,70.13,78.56,46.36,161.37,87.16,263.34,188.47,45.91,53.785,34.81,45.96,216.69,22.77,52.16,273.18,97.08,53.69,67.7,212.05,49.82,183.85
2022-01-03 00:00:00-05:00,182.0,132.65,2.72,29.39,407.29,564.37,177.14,67.92,244.01,283.72,49.64,66.41,159.93,150.27,3407.58,86.5,105.02,67.41,42.27,663.32,184.13,93.72,37.97,64.86,34.06,197.31,56.33,183.16,101.71,84.59,174.93,27.62,43.74,255.46,198.34,63.16,89.57,46.9,104.15,35.96,69.86,163.94,220.99,119.18,103.49,134.97,66.8,67.49,370.29,89.13,111.4,68.17,57.1,338.57,113.88,107.61,27.48,77.44,94.91,333.11,67.26,28.53,2899.5,141.71,42.65,41.25,41.98,38.01,49.15,193.26,136.03,111.87,149.1,97.12,53.21,631.46,64.7,36.71,202.66,36.14,435.28,142.45,59.3,45.18,60.87,725.47,63.9,370.93,88.04,248.1,65.96,30.67,81.1,95.8,96.54,47.96,89.43,119.07,334.74,267.42,95.76,91.7,83.74,0.386,63.96,597.37,27.54,40.86,28.8,630.54,301.25,48.74,231.29,37.98,77.14,29.42,78.51,87.91,69.6,543.94,134.5,12.215,66.16,172.97,162.92,95.76,45.43,52.62,112.85,28.1,30.14,194.9,186.21,31.43,520.2,3898.04,1363.51,26.27,136.84,72.75,46.57,332.01,361.05,68.18,101.91,477.76,164.09,65.25,252.76,68.83,78.95,47.36,161.03,87.81,262.12,190.59,45.64,54.06,35.61,45.64,221.48,22.74,53.06,263.82,96.09,53.13,67.95,221.37,49.21,184.37
2022-01-04 00:00:00-05:00,179.69,131.4,2.71,29.65,404.48,554.1,175.51,69.14,245.17,278.31,49.58,65.98,158.35,144.41,3349.75,86.77,106.26,67.2,42.76,670.81,179.49,94.51,38.07,61.64,34.2,194.85,56.31,178.3,101.82,84.87,175.61,27.46,44.11,248.22,189.27,61.25,91.41,47.78,104.29,35.4,71.03,158.02,222.11,119.37,103.4,135.76,65.13,66.69,371.8,88.39,111.33,67.98,57.0,336.5,114.52,108.97,27.58,78.71,93.61,322.31,67.88,27.85,2887.6,145.42,43.03,41.99,41.86,39.22,49.0,194.87,138.06,112.33,149.61,97.77,53.13,618.23,65.32,37.26,197.4,36.9,430.98,143.19,60.28,46.16,60.71,712.0,63.31,375.42,87.47,248.11,66.45,31.08,80.1,96.5,97.78,49.03,88.36,119.06,329.04,264.69,96.37,90.68,81.28,0.36,65.01,590.96,27.62,40.67,26.69,603.81,292.99,49.38,232.87,37.87,77.63,27.73,78.82,88.88,68.43,524.0,134.23,12.45,65.99,173.22,163.47,96.33,45.65,52.445,113.64,27.98,29.99,191.06,187.22,31.58,508.17,3867.0,1221.045,26.33,138.57,70.81,44.04,315.54,352.99,68.18,103.44,477.51,156.33,65.41,254.63,69.0,80.88,48.9,164.15,89.55,250.82,190.79,45.75,53.78,35.96,46.1,222.46,22.52,53.47,253.02,95.84,52.88,68.37,214.88,47.92,179.86
2022-01-05 00:00:00-05:00,174.74,132.5,2.63,29.95,397.25,514.28,172.83,68.62,242.96,264.24,49.94,66.85,153.7,136.12,3288.0,85.16,106.59,66.29,42.6,642.98,178.12,93.98,38.38,58.5,34.15,193.53,57.445,172.63,102.59,85.22,177.43,27.39,44.28,227.66,179.37,60.29,90.01,47.25,105.82,33.97,67.64,145.52,219.4,119.29,103.64,133.69,64.5,65.19,356.11,89.25,111.52,67.51,56.97,324.24,116.54,108.33,27.88,78.7,89.5,303.49,68.82,27.27,2754.62,146.42,42.6,41.99,42.06,38.9,49.65,197.09,138.22,112.42,144.98,98.59,53.84,593.7,65.67,37.02,192.2,36.76,420.42,144.07,60.81,46.84,61.26,690.67,63.11,373.91,84.52,247.29,67.4,30.9,80.64,96.91,96.0,48.66,84.02,118.57,316.2,258.96,94.4,89.73,79.31,0.3239,64.61,567.04,27.78,39.44,23.89,572.76,275.96,49.57,224.37,37.75,78.31,25.02,76.77,86.47,67.73,504.87,131.69,11.865,65.83,173.82,164.21,95.97,45.65,52.81,114.52,27.73,30.04,187.17,186.46,31.57,501.48,3857.21,1190.0,25.84,141.01,71.37,41.33,296.69,339.77,68.25,101.04,468.38,143.59,65.69,253.38,68.31,80.25,49.415,160.71,89.72,235.22,186.78,46.03,53.7,35.5,46.05,220.04,22.125,54.061,248.15,96.96,52.95,69.05,201.61,47.26,174.88
2022-01-06 00:00:00-05:00,172.01,130.45,2.595,31.22,378.01,514.05,173.47,69.23,241.47,264.19,49.63,67.76,156.34,136.17,3264.32,85.19,105.76,63.82,42.64,636.9,175.26,96.11,38.65,67.06,33.53,196.92,57.82,173.07,102.72,84.69,178.58,27.65,45.04,229.15,187.48,60.93,88.22,47.9,102.6,34.15,65.14,143.89,215.05,119.58,103.46,129.72,66.81,64.61,355.29,88.925,109.65,67.25,56.74,332.5,116.64,109.15,27.93,78.78,88.52,314.39,68.48,26.81,2755.85,151.26,42.5,42.15,43.62,38.69,49.34,196.55,135.34,113.03,143.82,98.77,54.02,586.5,65.96,37.435,192.59,36.83,432.51,143.13,60.47,47.12,61.03,701.75,67.73,369.94,85.3,244.65,67.42,31.01,80.93,96.485,95.54,49.22,85.53,116.7,313.84,257.72,95.66,85.78,77.92,0.3194,64.07,553.29,27.66,39.68,23.815,574.04,281.78,49.51,227.06,37.73,78.86,25.1,76.64,86.33,68.06,532.91,130.82,11.82,65.89,173.88,162.85,97.4,45.98,52.58,114.21,28.39,30.01,192.27,186.05,31.64,499.34,3868.53,1167.85,25.66,141.35,70.99,41.68,297.09,344.96,68.16,102.21,467.93,144.73,66.04,244.58,67.74,79.66,49.77,161.57,90.83,238.66,186.76,45.41,53.17,35.4,46.45,219.74,22.335,52.45,250.63,96.34,52.2,68.52,204.05,47.22,176.33
2022-01-07 00:00:00-05:00,172.25,133.12,2.59,31.21,370.75,510.69,168.88,69.8,238.76,262.23,50.13,67.7,150.74,131.99,3251.71,82.13,105.27,64.06,42.98,618.88,173.51,96.96,38.98,68.55,34.75,196.515,57.82,166.0,103.61,84.44,179.96,27.65,45.85,228.3,188.99,61.15,87.42,48.42,104.19,33.86,65.51,143.79,211.45,119.69,104.5,131.77,66.31,65.0,354.96,89.67,112.13,67.55,56.64,331.79,117.64,108.82,28.03,79.6,88.94,314.44,68.56,27.91,2740.24,150.19,42.49,42.74,43.29,38.64,49.84,195.89,134.81,113.63,141.98,99.49,53.42,567.55,66.61,37.31,188.0,37.36,416.91,143.75,60.33,48.12,60.99,669.06,70.26,369.86,81.91,249.93,67.5414,31.46,80.84,96.04,94.06,49.79,83.07,112.31,314.11,252.55,94.45,86.42,79.1,0.35,64.81,541.06,27.87,40.02,23.95,566.15,272.47,49.77,221.34,37.53,78.97,24.51,75.98,87.5,67.63,525.02,128.84,12.2,67.0,174.09,162.73,99.13,45.95,53.27,115.53,28.47,30.26,187.6,180.41,32.07,517.96,3948.1,1144.5,26.05,143.33,70.44,41.35,299.71,330.35,68.64,101.08,466.12,141.6,66.53,246.19,68.12,80.45,50.64,158.51,91.01,230.1,179.44,44.83,53.79,35.92,47.01,216.98,22.71,53.82,250.21,97.21,52.18,69.1,193.06,46.53,171.68
2022-01-10 00:00:00-05:00,172.17,134.65,2.6,31.94,372.99,525.99,170.4,69.94,232.88,262.45,48.38,67.38,149.57,132.0,3229.62,81.91,105.18,63.11,42.94,621.68,170.1,96.13,39.69,66.7,34.17,196.77,57.83,165.88,102.8,83.71,179.7,27.7,45.84,229.74,192.53,61.84,86.68,47.39,105.06,33.15,65.99,146.09,211.32,120.17,104.58,128.94,64.57,65.65,336.06,88.99,111.7,66.83,56.83,328.09,116.36,107.78,28.21,80.17,88.59,324.71,68.78,27.91,2774.23,147.02,41.13,42.57,43.35,38.96,49.86,194.63,135.01,112.72,140.59,99.71,55.22,570.45,66.98,37.31,186.87,37.37,419.0,144.58,60.42,49.11,60.66,664.34,68.57,364.01,82.96,250.84,67.03,31.1,79.79,94.62,92.7,50.54,82.21,109.74,314.32,256.05,93.9,84.3,78.2,0.3278,62.73,539.71,27.78,39.59,23.89,572.0,274.18,49.36,221.9,37.53,79.29,24.27,75.56,89.31,65.76,522.73,126.58,12.235,66.27,174.17,160.52,100.27,46.14,53.13,115.01,28.5,30.23,182.97,179.82,31.51,510.78,3955.0,1132.58,25.89,143.25,69.345,41.73,302.99,329.34,68.53,100.29,465.56,144.47,66.55,247.17,67.84,79.32,49.28,158.23,90.77,227.66,182.98,45.135,54.24,35.49,46.53,212.13,22.46,53.71,252.26,96.91,51.71,69.87,193.55,45.98,172.67
2022-01-11 00:00:00-05:00,175.09,136.46,2.66,28.785,375.11,530.04,173.66,70.49,235.38,270.69,48.18,66.34,152.5,137.31,3307.94,82.62,104.64,65.86,42.49,622.04,168.39,97.74,40.42,69.36,33.98,196.48,58.53,169.23,101.82,83.18,179.58,27.41,45.08,234.87,196.12,62.38,88.0,48.41,106.05,33.63,67.08,148.62,209.89,118.79,103.24,130.81,66.43,64.38,340.76,86.62,108.74,66.36,55.59,334.45,117.56,109.48,27.82,80.96,98.25,323.55,68.55,27.27,2795.97,149.09,41.17,42.21,44.12,39.19,49.7,194.0,132.85,110.48,146.16,100.23,55.92,578.92,66.59,37.84,191.76,37.59,425.83,143.15,60.48,47.71,59.79,673.26,69.34,366.41,84.65,254.92,67.25,30.52,78.03,95.21,94.59,49.49,86.25,108.48,314.99,256.08,94.22,84.79,77.9,0.335,63.46,540.85,27.82,38.68,24.49,577.94,278.22,48.27,227.69,37.265,79.29,25.05,77.07,88.51,64.67,526.04,128.83,12.17,65.85,174.12,158.67,101.0,45.77,52.55,114.81,28.6,29.96,191.52,185.47,31.55,504.58,3994.98,1157.41,25.63,142.11,68.8,43.32,301.12,340.41,67.66,101.56,469.74,148.44,65.89,252.71,66.93,78.43,49.23,160.31,90.99,234.3,184.69,45.23,53.96,36.09,45.53,214.39,22.52,54.33,255.9,95.33,51.47,68.62,200.65,45.95,175.97
2022-01-12 00:00:00-05:00,175.61,135.72,2.68,29.63,377.24,532.57,173.75,70.43,234.64,269.6,48.25,65.65,159.56,137.47,3305.75,82.89,104.18,64.8,42.68,621.97,169.19,98.57,40.66,67.6,33.55,195.04,58.59,170.19,102.61,82.87,182.09,27.43,45.22,237.95,188.03,62.12,88.08,48.87,105.79,33.42,67.03,146.34,209.4,119.22,103.62,132.51,64.32,64.43,345.61,87.48,109.25,66.68,55.99,333.26,117.51,108.51,27.899,81.98,96.5,320.79,68.34,27.12,2828.61,148.74,40.5,41.91,44.11,39.02,49.05,195.85,133.61,110.32,146.14,100.1,55.75,577.35,66.39,38.01,190.3,37.31,433.99,143.09,60.55,47.13,60.15,686.53,68.84,367.33,85.25,254.59,67.37,30.28,77.49,95.37,94.01,49.48,84.93,106.77,318.29,256.85,95.12,85.1,76.71,0.3239,63.27,537.26,27.95,38.62,24.61,573.66,280.0,47.79,229.11,37.27,78.25,23.89,76.26,88.34,64.16,532.2,128.28,12.5,66.04,173.94,159.0,101.45,45.86,52.52,114.81,28.22,29.96,187.22,186.39,31.83,485.0,3985.0,1169.61,25.44,140.83,68.52,42.73,307.02,338.59,67.79,102.42,471.06,145.49,64.93,248.12,66.47,78.2,48.58,160.77,90.73,227.22,186.04,45.87,53.6,35.91,44.89,215.78,22.92,53.92,258.07,95.71,50.63,68.6,197.88,45.6,170.63
2022-01-13 00:00:00-05:00,172.32,134.86,2.72,31.0,361.48,516.96,169.83,70.94,232.03,260.17,48.53,66.09,157.25,132.75,3224.97,81.89,105.975,64.18,43.23,596.78,168.1,98.75,41.69,70.87,34.37,196.0,59.64,163.16,103.28,82.55,183.02,27.56,45.89,228.66,174.91,61.51,87.23,48.91,105.35,33.0,66.42,135.0,207.64,119.87,104.19,130.84,63.28,64.09,334.33,88.07,110.64,66.74,56.49,326.56,117.47,108.96,28.27,82.275,96.15,307.89,68.91,27.45,2773.06,149.25,40.32,42.29,44.67,38.77,49.51,196.74,134.77,110.82,145.87,100.64,54.96,552.82,66.84,38.48,186.6,37.65,421.9,142.89,60.93,49.5,60.64,686.77,69.05,369.76,83.72,254.78,67.64,30.35,78.26,95.52,94.4,50.33,78.62,104.7,305.0,251.11,95.62,84.9,77.1,0.318,62.56,519.0,28.34,38.73,24.06,521.25,265.86,48.4,221.8,37.57,79.34,22.86,75.91,87.8,64.07,498.6,126.63,12.75,66.29,174.19,158.34,102.12,46.02,53.15,116.77,27.98,30.005,181.06,184.0,31.89,489.0,4020.0,1064.54,25.53,142.98,68.66,38.3684,291.72,327.52,68.36,100.86,464.54,136.95,66.05,247.13,65.95,80.43,50.28,159.74,93.24,217.09,184.16,45.82,53.68,37.14,46.37,215.16,22.62,54.19,249.41,97.29,50.67,69.01,191.33,46.1,162.01
2022-01-14 00:00:00-05:00,173.05,136.2,2.75,30.92,353.31,520.58,172.0,71.54,228.73,259.11,48.06,65.83,167.01,136.88,3242.4,81.62,106.04,65.39,43.63,596.47,163.62,98.7,42.45,66.58,35.1,190.91,59.66,161.74,104.23,83.45,186.61,27.62,46.38,231.24,176.7,61.34,87.2,48.6,106.22,32.96,65.67,138.22,206.16,119.37,104.04,130.44,63.45,63.76,322.16,87.38,111.07,65.84,56.24,331.94,118.03,109.06,29.07,82.87,91.22,312.63,69.9,26.425,2787.33,150.54,40.4,42.08,45.12,38.4,49.08,199.53,134.21,110.42,145.81,100.96,55.7,550.69,67.52,39.28,187.16,38.02,445.35,143.15,61.37,49.12,60.06,729.98,68.93,372.14,84.28,256.52,68.1,30.45,77.84,96.41,89.94,50.82,83.04,102.035,310.2,251.14,97.37,83.2,76.25,0.3084,63.97,525.54,28.34,39.22,23.59,530.86,269.48,49.82,225.29,38.0,80.43,22.86,76.53,87.69,64.25,499.01,124.99,13.01,65.25,175.65,159.8,103.37,46.19,53.205,117.75,28.11,29.96,178.41,188.74,32.06,450.2907,3926.01,1102.225,26.04,145.15,68.18,38.03,289.55,326.16,68.65,99.94,464.68,133.08,66.76,248.62,65.73,79.8,51.68,160.75,93.74,215.16,187.0,46.26,54.3,36.94,46.51,214.7,22.59,54.29,254.31,96.25,49.41,68.97,198.53,45.7,159.73
2022-01-18 00:00:00-05:00,169.83,133.8,2.61,30.48,348.42,513.35,166.51,71.3,226.44,252.01,47.31,63.64,152.38,131.93,3178.48,79.85,105.42,82.33,43.92,578.2,162.02,98.13,43.26,63.87,35.3,188.9675,58.45,153.53,103.22,83.16,181.01,27.34,46.29,226.04,172.81,59.74,86.2,48.145,104.51,32.67,67.17,131.87,203.05,118.4,101.87,133.87,61.61,63.75,310.96,86.86,109.85,64.53,56.06,318.29,114.5,106.4,28.99,83.1,88.63,308.48,69.26,25.44,2720.62,147.11,36.76,42.02,45.2,37.64,49.24,198.39,132.97,108.97,141.22,100.5,54.79,537.85,67.0,38.15,181.37,37.43,412.7,140.88,60.9,48.59,59.685,679.03,67.7,366.31,79.33,252.54,67.37,30.27,76.44,97.5,86.7,50.48,77.67,98.89,302.77,245.45,92.89,81.26,72.79,0.2901,63.09,510.78,28.17,39.14,22.48,522.3,259.03,48.77,217.42,37.72,80.22,20.84,75.77,85.57,62.51,502.4,123.03,12.72,65.23,173.97,156.77,101.78,45.26,52.64,116.02,27.95,29.89,174.47,178.88,31.39,444.7101,3889.99,1054.66,25.79,145.39,67.2,35.74,287.72,313.4,68.02,97.2,456.53,130.0,66.62,243.42,65.78,78.93,51.68,159.05,93.73,207.24,182.29,46.32,46.458,36.14,45.59,215.8741,22.45,53.52,245.86,95.76,48.46,68.39,188.01,45.01,157.64
2022-01-19 00:00:00-05:00,166.21,132.39,2.65,29.37,343.84,516.505,163.04,71.01,224.8,254.47,47.28,64.1,143.04,128.27,3125.57,78.51,105.35,82.16,43.57,563.68,161.01,96.72,42.87,63.13,35.56,188.75,58.26,153.269,102.92,84.06,181.11,27.35,46.04,226.37,175.65,58.89,86.04,47.23,103.49,33.59,66.74,131.01,204.66,118.64,102.17,136.91,62.29,63.49,309.62,86.88,110.34,64.91,56.5,319.61,113.31,106.04,28.92,81.18,89.385,307.09,69.15,24.99,2702.33,145.92,37.255,41.87,45.39,36.6,49.16,199.64,131.61,109.64,139.38,100.7,53.59,545.35,66.594,38.375,180.46,37.21,393.16,142.68,61.0,48.59,59.41,642.1,67.02,360.85,76.64,251.14,67.6,29.88,76.43,96.05,86.79,50.1,76.89,97.755,303.31,244.33,89.99,82.58,73.51,0.285,61.26,515.94,27.94,38.56,21.54,521.32,250.62,48.56,210.85,37.74,79.64,20.53,78.13,83.38,62.72,519.99,121.26,12.64,65.55,175.24,162.0,101.49,44.96,53.15,115.68,27.86,29.82,173.52,172.31,31.195,456.16,3887.02,1031.835,25.29,143.39,67.77,35.05,282.53,312.12,68.33,93.19,451.79,128.14,65.875,242.81,64.97,77.71,50.23,157.0,92.71,203.73,178.26,46.08,50.045,35.87,45.34,214.69,22.48,53.53,249.41,96.03,48.26,68.11,189.06,44.86,157.26
2022-01-20 00:00:00-05:00,164.52,132.88,2.65,28.2,342.6,510.89,158.72,68.87,220.28,252.39,46.24,63.97,139.15,121.89,3033.41,77.91,105.02,81.77,44.07,547.72,162.6,94.8,42.54,61.44,35.45,184.73,58.17,150.31,101.96,83.28,175.95,27.21,44.81,222.89,173.98,58.08,85.71,46.53,102.37,33.38,64.65,130.01,204.52,118.33,102.28,138.88,60.71,63.37,301.13,86.67,109.97,64.25,56.98,316.56,113.19,106.32,28.34,81.54,88.58,305.0,68.48,25.0,2666.23,144.91,36.12,42.37,45.28,36.1,48.92,199.19,130.78,109.8,141.0,99.67,52.04,544.97,66.12,38.11,177.47,37.07,383.28,141.5,60.75,47.27,59.73,619.68,65.32,364.0,73.93,251.8,67.75,29.56,76.24,95.34,86.41,50.33,73.79,99.0,301.64,238.78,85.02,83.5,73.77,0.2801,60.32,508.16,27.83,38.69,22.13,515.54,241.52,48.29,199.555,37.44,77.95,20.28,75.36,82.69,62.22,519.14,121.02,12.52,65.59,173.9,161.93,101.995,44.95,52.76,114.12,27.55,29.71,173.24,166.49,31.105,452.79,3786.96,1024.04,24.81,141.13,67.93,34.98,279.27,309.96,67.87,92.02,446.79,127.54,64.45,243.53,65.17,78.01,49.34,154.01,90.46,201.64,173.43,45.72,49.39,35.44,44.61,214.22,21.73,53.18,251.86,96.66,48.2,68.16,185.58,44.5,155.81
2022-01-21 00:00:00-05:00,162.35,131.42,2.68,28.26,335.49,499.9,159.49,68.96,217.01,239.04,46.12,63.72,134.97,118.8099,2851.16,77.005,104.59,81.35,43.76,533.06,161.33,94.33,42.545,61.6,35.24,180.94,56.7,148.37,103.37,83.65,178.56,27.33,45.29,218.59,164.73,56.65,84.26,45.43,101.61,32.88,62.76,125.55,203.29,118.45,102.98,139.01,59.53,62.96,296.9,87.1,109.41,64.12,56.76,303.04,111.74,104.88,28.74,82.13,86.8,288.46,69.02,25.14,2604.2,140.77,36.17,42.11,44.35,34.83,49.13,200.26,129.33,109.3,139.18,97.67,52.02,528.45,66.6,37.84,173.43,37.0,373.52,143.34,60.41,46.92,59.78,605.41,64.8,354.86,73.28,246.5,68.36,28.98,76.79,95.7,85.59,50.32,72.52,97.89,295.91,237.07,81.91,82.59,73.09,0.26,59.14,397.2,27.51,38.28,20.3,507.13,233.51,47.53,199.94,37.3,77.32,19.09,73.33,82.21,62.98,483.53,118.65,12.24,65.43,174.16,162.6,102.9,45.31,52.5,112.78,27.325,29.66,163.52,164.94,30.97,443.47,3732.5,880.4,24.38,143.18,68.32,32.1,267.52,303.11,67.81,89.3,438.11,118.02,64.23,241.0,63.63,77.4,48.61,150.9,89.91,192.12,175.69,45.2,49.25,34.42,45.12,205.96,21.72,52.46,245.41,97.0,48.12,68.22,187.56,44.695,147.62
2022-01-24 00:00:00-05:00,162.13,131.53,2.68,28.49,339.03,519.68,161.49,68.59,218.2,245.35,45.55,63.98,139.29,116.58,2891.9,77.37,102.34,79.97,44.11,542.09,159.82,93.59,43.58,62.6,35.32,189.4,56.86,151.66,102.43,83.68,176.95,27.15,45.33,223.16,167.37,56.91,85.15,46.07,103.53,33.21,63.32,136.07,202.96,116.93,102.53,135.22,59.63,62.25,301.8,86.15,108.19,63.61,56.11,309.02,111.79,102.75,28.59,80.59,88.4,290.73,68.55,25.36,2619.37,140.81,37.25,42.03,43.5,35.62,49.02,199.93,129.06,108.34,136.61,96.5,51.92,535.18,66.22,38.181,175.52,36.39,391.53,141.81,59.97,47.72,58.74,622.13,64.89,349.42,74.93,248.41,67.61,29.16,76.95,94.17,88.14,49.97,72.09,98.97,296.72,239.66,82.95,81.87,72.8,0.225,60.2,387.18,27.04,38.86,21.52,525.75,233.76,47.18,203.11,37.1,75.09,20.74,75.54,82.41,62.88,504.22,120.04,12.17,64.35,173.3,161.3,100.61,44.74,52.0,112.73,27.54,29.56,162.2,170.22,30.91,450.68,3641.0,939.02,24.48,142.03,68.08,31.8001,277.35,308.34,67.38,88.93,439.88,117.26,63.23,240.16,65.06,77.18,49.88,152.61,90.64,197.48,178.34,44.4,53.54,35.34,45.11,201.89,21.96,52.36,247.63,95.17,47.82,67.44,185.55,45.93,153.03
2022-01-25 00:00:00-05:00,159.88,131.02,2.79,27.09,335.13,502.72,155.91,68.37,216.88,233.6,45.08,62.66,132.99,111.07,2800.06,76.03,103.91,79.12,44.33,533.81,157.0,94.64,43.11,61.24,35.05,185.23,56.35,142.4,101.63,81.75,174.55,27.28,44.39,215.68,158.6,56.11,82.26,46.06,103.1,33.06,61.95,125.27,200.96,117.63,102.33,131.11,58.19,61.8,294.48,85.57,107.68,62.91,55.46,300.36,110.23,101.05,28.12,80.03,83.86,272.95,68.34,24.89,2538.38,139.5,36.18,41.89,43.66,34.99,48.22,194.77,136.125,107.53,134.09,94.56,51.01,515.73,66.2,38.07,168.79,36.22,369.91,139.58,59.83,45.08,58.31,588.07,64.01,338.8,72.6,245.8,66.98,29.01,76.19,93.02,86.35,50.04,66.97,103.68,288.41,233.89,80.71,75.11,70.82,0.2178,59.62,366.41,27.14,38.72,20.395,494.9,223.24,47.36,194.76,37.03,75.9,21.34,73.32,81.11,62.32,475.46,118.87,12.36,64.73,171.42,159.56,102.14,44.37,51.48,107.42,27.38,29.54,158.21,165.39,30.67,435.76,3653.0,894.72,24.41,139.4,68.48,30.67,263.45,291.54,67.24,86.49,434.51,115.24,64.11,236.38,65.2,77.07,50.22,149.01,90.29,185.88,174.185,44.37,52.72,35.31,45.43,202.0,21.67,50.98,236.1,94.75,47.87,67.89,173.16,45.21,145.98
2022-01-26 00:00:00-05:00,159.75,130.53,2.75,26.84,329.98,501.21,159.81,72.26,197.52,233.28,44.83,62.74,135.67,110.71,2777.45,76.28,103.65,78.7684,44.13,557.13,155.44,96.18,42.57,60.23,34.83,183.42,56.98,141.51,98.93,81.38,164.65,27.32,43.52,211.0,161.04,55.33,81.83,46.01,104.86,33.18,61.67,128.16,198.13,118.11,101.97,130.09,57.72,62.11,292.4,84.65,107.17,62.98,55.7,294.61,108.99,99.97,27.965,79.49,84.73,271.14,67.76,25.11,2586.14,140.48,35.67,41.47,43.37,35.23,46.55,194.13,134.11,107.09,133.23,94.28,51.69,507.17,64.77,37.4,168.5,36.04,381.15,134.7,59.65,44.36,58.1,597.33,63.68,344.3,74.39,247.03,66.64,29.0,75.42,91.92,84.64,49.45,67.67,100.32,296.94,227.36,82.0,72.48,72.65,0.1953,59.37,359.16,27.32,39.09,18.86,484.81,227.72,47.29,197.05,37.15,76.18,20.53,66.72,79.58,62.06,476.24,113.58,12.3,64.67,169.57,158.11,101.37,44.23,51.18,105.9,27.29,29.28,156.98,167.0,30.02,421.26,3630.17,869.36,24.35,137.38,67.89,28.61,253.02,288.41,67.02,87.22,433.45,110.99,63.645,234.33,66.05,77.05,48.37,140.55,90.585,179.16,178.38,44.71,51.3,34.94,45.43,205.87,21.53,49.76,225.24,94.11,48.1,67.62,175.6,45.24,140.18
2022-01-27 00:00:00-05:00,159.2,134.57,2.835,27.46,333.17,493.05,154.59,74.21,196.23,228.58,45.33,62.61,130.1,102.57,2794.04,75.03,104.83,78.89,43.97,541.9,156.15,96.53,42.71,56.53,35.36,185.6,55.71,138.88,98.62,82.68,165.45,27.37,44.21,212.72,159.96,54.59,81.79,46.84,106.8,32.58,60.59,128.13,200.8,119.81,103.24,131.13,56.69,61.47,298.02,85.73,109.59,63.35,56.13,294.61,109.23,100.28,28.1,77.27,83.3,269.71,68.34,24.55,2579.4,141.03,35.55,41.15,43.61,35.21,46.75,194.37,132.51,106.56,131.96,94.54,48.06,517.22,65.16,37.595,161.12,36.09,361.01,137.48,59.65,45.39,58.91,555.27,63.58,350.54,71.04,255.13,67.48,28.82,75.45,98.2,83.16,50.35,64.89,99.37,299.79,223.21,78.71,72.52,71.63,0.1935,59.71,386.36,27.97,39.37,17.74,528.69,219.3,47.3,187.94,37.29,76.73,19.7,63.71,79.8,62.14,485.21,111.6,12.39,65.41,169.37,159.13,102.22,44.37,51.75,104.74,27.07,29.35,158.1,161.15,30.0901,415.34,3650.0,815.52,24.37,138.99,67.36,28.31,244.72,285.1,68.03,87.94,431.27,105.61,64.77,234.85,66.25,76.66,48.17,137.26,90.03,176.75,174.77,44.23,51.2,34.13,46.15,205.86,21.3,49.99,225.89,95.11,47.2,68.94,173.41,44.51,136.73
