date,close,volume,open,high,low
1/2/2015,205.43,121465865,206.38,206.88,204.18
1/5/2015,201.72,169632646,204.17,204.37,201.35
1/6/2015,199.82,209151408,202.09,202.72,198.855
1/7/2015,202.31,125346709,201.42,202.72,200.88
1/8/2015,205.9,147217784,204.01,206.16,203.99
1/9/2015,204.25,158567288,206.4,206.42,203.51
1/12/2015,202.65,144396067,204.41,204.6,201.92
1/13/2015,202.08,214553306,204.12,205.48,200.51
1/14/2015,200.86,192991092,199.65,201.1,198.57
1/15/2015,199.019875,176613906,201.63,202.01,198.88
1/16/2015,201.63,211879605,198.77,201.82,198.55
1/20/2015,202.055,130991069,202.4,202.72,200.17
1/21/2015,203.08,122942707,201.5,203.66,200.94
1/22/2015,206.1,174356029,203.99,206.26,202.33
1/23/2015,204.97,117516753,205.79,206.1,204.81
1/26/2015,205.45,92009711,204.71,205.56,203.85
1/27/2015,202.74,134044598,202.97,204.12,201.74
1/28/2015,200.14,168514312,204.17,204.29,199.91
1/29/2015,201.9901875,173585424,200.38,202.3,198.68
1/30/2015,199.45,197729724,200.57,202.17,199.13
2/2/2015,201.92,163106969,200.05,202.03,197.86
2/3/2015,204.84,124212881,203,204.85,202.55
2/4/2015,204.06,134306728,203.92,205.38,203.51
2/5/2015,206.12,97953181,204.86,206.3,204.77
2/6/2015,205.55,125672026,206.56,207.24,204.92
2/9/2015,204.63,87219016,204.77,205.64,204.135
2/10/2015,206.81,96164183,205.88,207.12,204.680125
2/11/2015,206.93,91087785,206.61,207.45,205.83
2/12/2015,208.92,97545949,207.89,208.99,206.9726875
2/13/2015,209.78,93670430,209.07,209.84,208.76
2/17/2015,210.11,76968199,209.4,210.32,209.1
2/18/2015,210.13,80652941,209.66,210.22,209.340125
2/19/2015,209.98,91462491,209.41,210.42,209.24
2/20/2015,211.239,140896392,209.48,211.33,208.73
2/23/2015,211.209,74411054,210.94,211.21,210.48
2/24/2015,211.81,72472263,211.12,212.05,210.76
2/25/2015,211.63,73061687,211.66,212.24,211.22
2/26/2015,211.38,72697868,211.52,211.71,210.65
2/27/2015,210.66,108075972,211.26,211.58,210.6
3/2/2015,211.99,87491428,210.78,212.06,210.72
3/3/2015,211.12,110325809,211.47,212.054,210.08
3/4/2015,210.230125,114497192,210.4,210.49,209.06
3/5/2015,210.46,76872957,210.62,210.8,209.85
3/6/2015,207.5,188127982,209.42,209.94,207.1
3/9/2015,208.36,89818893,207.74,208.79,207.545875
3/10/2015,204.98,157121263,206.71,206.81,204.93
3/11/2015,204.5,110145718,205.29,205.5,204.4
3/12/2015,207.1,93993523,205.26,207.175,205.2
3/13/2015,205.8271875,162410893,206.77,207.9338125,204.58
3/16/2015,208.58,136099192,206.71,208.69,205.864125
3/17/2015,207.96,94510422,207.69,208.42,206.98
3/18/2015,210.46,228808524,207.39,211.27,206.62
3/19/2015,209.5,117917302,209.96,210.4696875,209.03
3/20/2015,210.41,177715081,209.71,211.02,209.4903125
3/23/2015,210,71784536,210.42,211.11,210
3/24/2015,208.82,77805321,209.85,210.4,208.74
3/25/2015,205.76,159521708,209.07,209.35,205.71
3/26/2015,205.27,153067241,204.96,206.37,204.12
3/27/2015,205.74,118938966,205.13,205.95,204.9
3/30/2015,208.25,96180365,206.98,208.61,206.96
3/31/2015,206.43,126768703,207.26,208.1,206.36
4/1/2015,205.7,137303584,206.39,206.42,204.51
4/2/2015,206.435,86900906,205.62,206.98,205.4
4/6/2015,207.83,114368155,205.37,208.45,205.21
4/7/2015,207.28,81236337,207.855,208.76,207.24
4/8/2015,207.975,89351939,207.55,208.51,207.08
4/9/2015,208.9,85548854,207.78,209.18,207.19
4/10/2015,210.04,72722915,209.2,210.09,208.96
4/13/2015,209.09,74436594,209.87,210.63,209.03
4/14/2015,209.49,75099866,208.85,209.71,208.1
4/15/2015,210.43,99529320,210.05,211.04,209.95
4/16/2015,210.37,68934864,210.03,210.98,209.7928125
4/17/2015,207.95,191113230,208.94,209.23,207.01
4/20/2015,209.85,92189481,209.06,210.25,208.96
4/21/2015,209.6,72559831,210.67,210.86,209.24
4/22/2015,210.63,78264616,210.01,210.85,208.9
4/23/2015,211.16,102585942,210.15,211.94,210.01
4/24/2015,211.649875,61327387,211.66,211.97,211.11
4/27/2015,210.77,79358126,212.33,212.48,210.54
4/28/2015,211.44,86863531,210.74,211.5,209.3300625
4/29/2015,210.57,125684903,210.37,211.29,209.6
4/30/2015,208.46,161304890,209.88,210.35,207.62
5/1/2015,210.72,103399711,209.4,210.77,209.28
5/4/2015,211.32,70927235,211.23,212.02,211.1
5/5/2015,208.9,113326156,211.03,211.46,208.73
5/6/2015,208.04,135060151,209.56,209.93,206.76
5/7/2015,208.87,88244940,207.92,209.38,207.52
5/8/2015,211.62,155877260,210.88,211.86,210.78
5/11/2015,210.605,75708065,211.57,211.89,210.52
5/12/2015,209.98,119727592,209.61,210.63,208.62
5/13/2015,210.02,94667943,210.47,211.22,209.74
5/14/2015,212.21,95934006,211.24,212.32,210.91
5/15/2015,212.44,76510099,212.44,212.61,211.86
5/18/2015,213.1,74549685,212.24,213.4,212.16
5/19/2015,213.03,72114610,213.24,213.57,212.69
5/20/2015,212.88,76857530,213.15,213.78,212.504
5/21/2015,213.5,64764585,212.71,213.75,212.51
5/22/2015,212.99,57433495,213.04,213.54,212.91
5/26/2015,210.7,124308584,212.4,212.908875,210.2
5/27/2015,212.7,93213981,211.25,212.98,210.7611875
5/28/2015,212.46,74974560,212.33,212.59,211.63
5/29/2015,211.14,124919611,212.38,212.43,210.82
6/1/2015,211.57,93338750,211.94,212.34,210.62
6/2/2015,211.36,91531012,211.02,212.19,210.27
6/3/2015,211.92,87820909,212,212.67,211.3300625
6/4/2015,210.1291875,151882820,211.07,211.859,209.75
6/5/2015,209.77,121704676,209.95,210.58,208.98
6/8/2015,208.48,89063330,209.64,209.82,208.39
6/9/2015,208.45,105034690,208.45,209.1,207.69
6/10/2015,210.95,134551285,209.37,211.41,209.2986875
6/11/2015,211.63,73876447,211.48,212.09,211.2
6/12/2015,210.01,135382369,210.64,211.482,209.68
6/15/2015,209.11,124384184,208.64,209.45,207.79
6/16/2015,210.25,85308227,208.93,210.35,208.72
6/17/2015,210.59,126708635,210.59,211.32,209.36
6/18/2015,212.78,165867949,211.31,213.34,210.6315
6/19/2015,210.81,130478689,211.46,211.55,210.36
6/22/2015,211.89,70696027,211.905,212.59,211.64
6/23/2015,212.04,68476797,212.14,212.44,211.57
6/24/2015,210.5,92307318,211.72,212.17,210.47
6/25/2015,209.86,97107361,211.1,211.25,209.77
6/26/2015,209.82,104174840,210.29,210.58,209.16
6/29/2015,205.42,202621332,208.045,209.828,205.33
6/30/2015,205.85,182925106,207.26,207.32,205.28
7/1/2015,207.5,135979873,207.73,208.03,206.56
7/2/2015,207.31,104373652,208.07,208.27,206.81
7/6/2015,206.72,117975369,205.77,207.65,205.53
7/7/2015,208.02,173820249,206.96,208.17,204.11
7/8/2015,204.53,164020059,206.42,206.7645,204.25
7/9/2015,204.9,144113107,207.04,207.35,204.77
7/10/2015,207.48,129456890,207.29,207.98,204.9516875
7/13/2015,209.77,106069400,208.99,209.9,208.94
7/14/2015,210.68,81709575,209.72,211.05,209.65
7/15/2015,210.61,97914141,210.73,211.28,210.04
7/16/2015,212.3,106683266,211.87,212.3,211.58
7/17/2015,212.48,89029973,212.29,212.55,211.8
7/20/2015,212.59,70446821,212.75,213.18,212.21
7/21/2015,211.75,77965048,212.43,212.74,211.39
7/22/2015,211.37,88667920,210.93,211.77,210.89
7/23/2015,210.18,90509128,211.53,211.65,209.75
7/24/2015,208,117754979,210.3,210.37,207.6
7/27/2015,206.79,132361082,206.94,207.55,206.26
7/28/2015,209.33,123544845,207.79,209.5,206.8
7/29/2015,210.77,105791255,209.48,211.04,209.31
7/30/2015,210.82,91304374,210.16,211.02,209.42
7/31/2015,210.5,103266857,211.42,211.45,210.16
8/3/2015,209.79,113965728,210.46,210.53,208.65
8/4/2015,209.38,81820823,209.7,210.2483125,208.8
8/5/2015,210.07,85786817,210.45,211.31,209.73
8/6/2015,208.35,116030803,210.29,210.415,207.65
8/7/2015,207.95,117857956,208.16,208.34,206.87
8/10/2015,210.57,80270676,209.28,210.67,209.28
8/11/2015,208.67,126081377,208.97,209.47,207.76
8/12/2015,208.92,172123672,207.11,209.14,205.36
8/13/2015,208.66,89383253,208.73,209.55,208.01
8/14/2015,209.42,72786528,208.43,209.5086875,208.26
8/17/2015,210.59,79072643,208.71,210.59,208.16
8/18/2015,209.98,71692678,210.26,210.68,209.699
8/19/2015,208.32,172945975,209.09,210.01,207.35
8/20/2015,203.97,194327884,206.51,208.2865,203.9
8/21/2015,197.83,346588469,201.73,203.940375,197.52
8/24/2015,189.5,507244333,187.49,197.4771875,182.4
8/25/2015,187.27,369833071,195.43,195.45,186.92
8/26/2015,194.46,339256986,192.08,194.79,188.37
8/27/2015,199.27,274143906,197.02,199.42,195.21
8/28/2015,199.28,160414352,198.5,199.835,197.92
8/31/2015,197.67,163298816,198.11,199.125,197.01
9/1/2015,191.77,256000392,193.12,194.77,190.73
9/2/2015,195.41,160269331,194.62,195.46,192.42
9/3/2015,195.55,152087836,196.26,198.05,194.96
9/4/2015,192.59,207080961,192.85,193.86,191.61
9/8/2015,197.43,116025739,195.94,197.61,195.17
9/9/2015,194.79,149347735,199.32,199.47,194.35
9/10/2015,195.85,158611063,194.56,197.22,194.25
9/11/2015,196.74,119691212,195.375,196.82,194.53
9/14/2015,196.01,79451983,196.95,197.01,195.43
9/15/2015,198.46,113806176,196.61,198.99,195.9611875
9/16/2015,200.18,99581557,198.82,200.41,198.41
9/17/2015,199.73,276046618,200.02,202.89,199.28
9/18/2015,195.45,223657456,195.71,198.684375,194.96
9/21/2015,196.46,105726209,196.44,197.68,195.21
9/22/2015,193.91,153890876,193.88,194.46,192.56
9/23/2015,193.6,92790620,194.11,194.67,192.91
9/24/2015,192.9,159378840,192.15,193.45,190.56
9/25/2015,192.85,155054777,194.64,195,191.81
9/28/2015,188.01,178515871,191.78,191.91,187.64
9/29/2015,188.12,159045572,188.27,189.74,186.93
9/30/2015,191.63,163452044,190.37,191.825,189.44
10/1/2015,192.13,131078964,192.08,192.49,189.82
10/2/2015,195,211003342,189.77,195.03,189.12
10/5/2015,198.47,126320842,196.46,198.74,196.33
10/6/2015,197.79,110274530,198.31,198.98,197
10/7/2015,199.41,124307295,198.9,199.825,197.48
10/8/2015,201.21,153055231,198.95,201.55,198.59
10/9/2015,201.33,107069240,201.38,201.9,200.58
10/12/2015,201.52,56395585,201.42,201.76,200.91
10/13/2015,200.25,88038718,200.65,202.16,200.05
10/14/2015,199.29,99106161,200.18,200.87,198.94
10/15/2015,202.35,134142195,200.08,202.36,199.64
10/16/2015,203.27,114580052,202.83,203.29,201.92
10/19/2015,203.37,76523897,202.5,203.37,202.13
10/20/2015,203.09,78448484,202.85,203.84,202.547125
10/21/2015,201.85,102038033,203.61,203.79,201.65
10/22/2015,205.26,174911723,202.98,205.51,201.85
10/23/2015,207.51,144442340,207.25,207.95,206.3
10/26/2015,207,69032965,207.3,207.37,206.56
10/27/2015,206.6,77905770,206.2,207,205.79
10/28/2015,208.95,135906725,207,208.98,206.21
10/29/2015,208.83,90525498,208.35,209.27,208.21
10/30/2015,207.93,131076942,209.06,209.44,207.74
11/2/2015,210.39,86270811,208.32,210.62,208.17
11/3/2015,211,95246052,209.97,211.66,209.7
11/4/2015,210.36,96224477,211.35,211.5,209.7200625
11/5/2015,210.15,78408744,210.43,210.98,209.09
11/6/2015,210.04,110471473,209.74,210.32,208.46
11/9/2015,208.08,131008660,209.31,209.49,206.95
11/10/2015,208.56,75874602,207.51,208.6,207.19
11/11/2015,207.74,67845971,208.88,208.94,207.66
11/12/2015,204.84,121315200,206.5,207.06,204.82
11/13/2015,202.54,153577050,204.35,204.67,202.435
11/16/2015,205.62,117645231,202.32,205.69,202.18
11/17/2015,205.47,121123744,205.99,207.04,204.88
11/18/2015,208.73,121342544,206.04,208.9,205.99
11/19/2015,208.55,88220465,208.59,209.05,208.2
11/20/2015,209.3108125,94011519,209.45,210.12,208.86
11/23/2015,209.07,64931172,209.38,209.98,208.52
11/24/2015,209.35,98874365,207.87,209.83,207.41
11/25/2015,209.32,51980062,209.5,209.74,209.01
11/27/2015,209.56,37317779,209.43,209.8,208.86
11/30/2015,208.69,112822700,209.75,209.89,208.56
12/1/2015,210.68,97858418,209.44,210.82,209.11
12/2/2015,208.529,108441259,210.615,211,208.23
12/3/2015,205.61,166224154,208.83,209.15,204.751125
12/4/2015,209.62,192913879,206.08,209.97,205.93
12/7/2015,208.35,102027111,209.23,209.7295,207.2
12/8/2015,206.949,103372367,206.49,208.289,205.78
12/9/2015,205.34,162401537,206.19,208.68,204.18
12/10/2015,205.87,116128884,205.42,207.43,205.14
12/11/2015,201.88,211173305,203.35,204.14,201.51
12/14/2015,202.9008125,182385177,202.07,203.05,199.95
12/15/2015,205.0308125,153067719,204.7,206.11,204.54
12/16/2015,208.03,197017008,206.365,208.39,204.8
12/17/2015,204.86,173092476,208.4,208.48,204.84
12/18/2015,200.0208125,251393535,202.77,202.93,199.83
12/21/2015,201.67,99094290,201.41,201.88,200.09
12/22/2015,203.5,111026246,202.715,203.85,201.55
12/23/2015,206.02,110987228,204.69,206.07,204.58
12/24/2015,205.68,48542150,205.72,206.33,205.42
12/28/2015,205.21,65899939,204.86,205.26,203.94
12/29/2015,207.4,92640672,206.51,207.79,206.47
12/30/2015,205.93,63317679,207.11,207.21,205.76
12/31/2015,203.87,114877859,205.13,205.89,203.87
1/4/2016,201.0191875,222353534,200.49,201.03,198.59
1/5/2016,201.36,110845849,201.4,201.9,200.05
1/6/2016,198.82,152112604,198.34,200.06,197.6
1/7/2016,194.05,213436073,195.33,197.44,193.59
1/8/2016,191.923,209817228,195.19,195.85,191.58
1/11/2016,192.11,187941323,193.01,193.41,189.82
1/12/2016,193.6608125,172330490,193.82,194.55,191.14
1/13/2016,188.83,221168886,194.45,194.86,188.38
1/14/2016,191.93,240795609,189.55,193.26,187.66
1/15/2016,187.81,324846447,186.77,188.76,185.52
1/19/2016,188.06,195244373,189.96,190.11,186.2
1/20/2016,185.65,286547839,185.03,187.495,181.02
1/21/2016,186.69,195772941,186.21,188.87,184.64
1/22/2016,190.52,168319598,189.78,190.76,188.88
1/25/2016,187.64,130371686,189.92,190.15,187.41
1/26/2016,190.2,141036757,188.42,190.53,188.02
1/27/2016,188.13,185681707,189.58,191.56,187.06
1/28/2016,189.11,143798780,189.96,190.2,187.16
1/29/2016,193.7208125,210529336,190.02,193.88,189.88
2/1/2016,193.65,136061564,192.53,194.58,191.84
2/2/2016,190.16,182564890,191.96,191.97,189.54
2/3/2016,191.3,205054934,191.41,191.78,187.1
2/4/2016,191.6,139531794,190.71,192.75,189.96
2/5/2016,187.95,180788308,190.99,191.669625,187.2
2/8/2016,185.42,191526694,185.77,186.12,182.8
2/9/2016,185.43,184513136,183.36,186.94,183.2
2/10/2016,185.27,148214057,186.41,188.34,185.12
2/11/2016,182.86,219058885,182.34,184.1,181.09
2/12/2016,186.63,127632393,184.96,186.65,183.96
2/16/2016,189.78,120250668,188.77,189.81,187.63
2/17/2016,192.88,136009496,191.16,193.32,191.01
2/18/2016,192.09,102342997,193.2,193.27,191.72
2/19/2016,192,114792988,191.17,192.18,190.45
2/22/2016,194.78,103640292,193.87,194.95,193.79
2/23/2016,192.32,111455289,194,194.32,192.18
2/24/2016,193.2,150812152,190.63,193.53,189.32
2/25/2016,195.54,110728317,193.73,195.55,192.83
2/26/2016,195.0891875,129833663,196.57,196.68,194.9
2/29/2016,193.56,125918102,195.11,196.23,193.33
3/1/2016,198.11,141799687,195.01,198.21,194.4541875
3/2/2016,199,102414960,197.74,199.06,197.25
3/3/2016,199.775,95172197,198.79,199.795,198.11
3/4/2016,200.43,129293601,200.01,201.35,199.03
3/7/2016,200.59,100218998,199.34,201.07,199.25
3/8/2016,198.4,123974866,199.32,199.92,198.21
3/9/2016,199.38,94801213,199.36,199.79,198.43
3/10/2016,199.54,156838697,199.96,201.07,197.38
3/11/2016,202.76,137964528,201.26,202.81,199.517875
3/14/2016,202.5,73611974,202.16,203.04,201.77
3/15/2016,202.17,93169090,201.36,202.5306875,201.05
3/16/2016,203.34,129303179,201.6,203.82,201.55
3/17/2016,204.63,134278505,203.24,205.23,202.77
3/18/2016,204.38,138372404,204.17,204.78,203.8
3/21/2016,204.67,72926659,204.07,204.94,203.8
3/22/2016,204.56,97471939,203.76,205.23,203.57
3/23/2016,203.2091875,81052455,204.11,204.33,203.01
3/24/2016,203.12,84360853,202,203.16,201.74
3/28/2016,203.24,62408185,203.61,203.86,202.705
3/29/2016,205.1208125,92922863,202.76,205.25,202.4
3/30/2016,206.02,86365310,206.3,206.87,205.59
3/31/2016,205.52,94584110,205.91,206.41,205.33
4/1/2016,206.92,114423478,204.35,207.14,203.98
4/4/2016,206.25,63496969,206.83,207.07,205.89
4/5/2016,204.1891875,99662158,204.67,206.2641875,203.89
4/6/2016,206.42,91839761,204.29,206.49,203.98
4/7/2016,203.95,113859037,205.14,205.56,203.09
4/8/2016,204.4991875,95040598,205.34,205.85,203.87
4/11/2016,204.020125,83757486,205.25,206.07,203.91
4/12/2016,205.92,115350567,204.22,206.25,203.7
4/13/2016,208.0008125,96336433,207,208.1,206.84
4/14/2016,208.01,65212883,208.07,208.6,207.6
4/15/2016,207.78,75761615,208.01,208.172125,207.4
4/18/2016,209.2391875,82530960,207.14,209.28,207
4/19/2016,209.9,88316060,209.74,210.2,208.94
4/20/2016,210.1,81100314,209.95,210.92,209.39
4/21/2016,208.97,85695041,210.12,210.25,208.65
4/22/2016,208.97,99251724,208.55,209.29,207.91
4/25/2016,208.61,66166494,208.26,208.66,207.54
4/26/2016,208.9191875,75864174,209.04,209.52,208.36
4/27/2016,209.35,77329437,208.47,209.81,208.05
4/28/2016,207.4475,97216169,208.46,209.76,206.96
4/29/2016,206.3308125,142424137,206.72,207.13,205.03
5/2/2016,207.97,62188015,206.92,208.18,206.41
5/3/2016,206.1591875,106422142,206.52,206.8,205.28
5/4/2016,205.01,92243810,204.99,205.85,204.42
5/5/2016,204.97,67619222,205.56,205.98,204.47
5/6/2016,205.72,89315004,204.06,205.77,203.88
5/9/2016,205.8891875,74374922,205.57,206.4,205.36
5/10/2016,208.45,77472207,206.72,208.5,206.64
5/11/2016,206.5,81726989,207.91,208.54,206.5
5/12/2016,206.56,89586308,207.29,207.489875,205.37
5/13/2016,204.76,96474630,206.21,206.86,204.38
5/16/2016,206.78,77486827,204.96,207.34,204.89
5/17/2016,204.8508125,114924940,206.46,206.8,204.23
5/18/2016,204.91,123493379,204.44,206.3,203.63
5/19/2016,204.2,115430507,204.06,204.54,202.78
5/20/2016,205.49,104990408,204.92,206.1,204.86
5/23/2016,205.21,58682576,205.51,205.84,204.985
5/24/2016,207.87,93537808,206.17,208.24,206.14
5/25/2016,209.28,79221525,208.67,209.77,207.869125
5/26/2016,209.34,55280699,209.44,209.71,208.97
5/27/2016,210.24,64211214,209.53,210.25,209.47
5/31/2016,209.84,109879380,210.56,210.69,209.18
6/1/2016,210.27,69936215,209.12,210.48,208.89
6/2/2016,210.91,63044749,209.8,210.93,209.239875
6/3/2016,210.28,101757126,210.25,210.69,208.86
6/6/2016,211.35,64887045,210.7,211.77,210.51
6/7/2016,211.68,60974761,211.525,212.34,211.5
6/8/2016,212.37,66170920,211.84,212.52,211.689875
6/9/2016,212.08,73786869,211.51,212.22,211.19
6/10/2016,210.07,113829158,210.46,210.86,209.43
6/13/2016,208.4491875,117751153,209.36,210.37,208.35
6/14/2016,208.04,125059286,208,208.74,206.9199375
6/15/2016,207.75,109124496,208.54,209.36,207.53
6/16/2016,208.37,149533065,206.73,208.57,205.59
6/17/2016,206.52,117055748,207.17,207.2,205.75
6/20/2016,207.85,82789603,208.82,209.61,207.75
6/21/2016,208.44,72461663,208.3,208.92,207.78
6/22/2016,208.1,95560471,208.65,209.5,207.93
6/23/2016,210.81,102731356,209.81,210.87,209.27
6/24/2016,203.13,333444397,203.63,210.8463125,202.72
6/27/2016,199.6,248988660,201.59,201.6,198.65
6/28/2016,203.1996875,159382399,201.48,203.23,201.12
6/29/2016,206.66,137328614,204.84,206.93,204.72
6/30/2016,209.475,165021948,207.21,209.54,206.56
7/1/2016,209.9208125,106055333,209.36,210.49,209.29
7/5/2016,208.41,109803713,208.95,209.08,207.71
7/6/2016,209.66,96021491,207.83,209.8,207.06
7/7/2016,209.526,85521425,209.87,210.6495,208.63
7/8/2016,212.65,133970972,211.05,212.94,210.7785
7/11/2016,213.4,73633937,213.19,214.07,212.95
7/12/2016,214.95,101275629,214.53,215.3,213.4308125
7/13/2016,214.92,87324129,215.44,215.45,214.35
7/14/2016,216.12,91230870,216.4,216.67,215.66
7/15/2016,215.83,107155401,216.78,217.0125,215.308
7/18/2016,216.4091875,58725918,215.97,216.6,215.67
7/19/2016,216.19,54345728,215.92,216.23,215.63
7/20/2016,217.085,58159457,216.75,217.37,216.24
7/21/2016,216.265,67777310,216.96,217.22,215.75
7/22/2016,217.24,62787477,216.41,217.3,216.1
7/25/2016,216.65,55873147,217,217.06,215.97
7/26/2016,216.75,70080493,216.53,217.17,215.76
7/27/2016,216.52,84083893,217.19,217.27,215.62
7/28/2016,216.77,65035718,216.29,217.11,215.75
7/29/2016,217.12,79519436,216.46,217.54,216.13
8/1/2016,216.94,73311422,217.19,217.65,216.405
8/2/2016,215.5491875,92295506,216.65,216.83,214.57
8/3/2016,216.18,53993626,215.48,216.245,215.13
8/4/2016,216.4096875,46585528,216.31,216.78,214.25
8/5/2016,218.18,71892161,217.21,218.23,217.07
8/8/2016,218.05,39906479,218.4,218.52,217.74
8/9/2016,218.18,51251728,218.13,218.76,217.8
8/10/2016,217.64,57941092,218.31,218.4038125,217.23
8/11/2016,218.65,72504270,218.26,218.94,217.95
8/12/2016,218.46,61313544,218.29,218.71,217.99
8/15/2016,219.09,49813482,218.89,219.5,218.88
8/16/2016,217.96,53213621,218.6,218.68,217.96
8/17/2016,218.37,75134339,218,218.53,217.02
8/18/2016,218.86,52989266,218.34,218.9,218.21
8/19/2016,218.54,75443004,218.31,218.75,217.74
8/22/2016,218.53,61368766,218.26,218.8,217.83
8/23/2016,218.97,53399159,219.25,219.6,218.9
8/24/2016,217.85,71728949,218.8,218.91,217.36
8/25/2016,217.7,69224776,217.4,218.19,217.22
8/26/2016,217.29,122506348,217.92,219.12,216.25
8/29/2016,218.3608125,70502167,217.44,218.665,217.4
8/30/2016,218,58114543,218.26,218.59,217.35
8/31/2016,217.38,85269453,217.61,217.75,216.465
9/1/2016,217.39,97844207,217.37,217.73,216.03
9/2/2016,218.37,79293856,218.39,218.87,217.7
9/6/2016,219.0308125,56702089,218.7,219.12,217.86
9/7/2016,219.01,76554855,218.84,219.22,218.3
9/8/2016,218.51,74102880,218.62,218.94,218.15
9/9/2016,213.28,221589073,216.97,217.03,213.25
9/12/2016,216.34,168110913,212.39,216.81,212.31
9/13/2016,213.23,182828839,214.84,215.149875,212.5
9/14/2016,213.15,134185491,213.29,214.7,212.5
9/15/2016,215.28,145736123,212.96,215.73,212.75
9/16/2016,213.37,155236354,213.48,213.69,212.57
9/19/2016,213.41,80250490,214.13,214.88,213.03
9/20/2016,213.42,69665279,214.41,214.59,213.38
9/21/2016,215.82,110284425,214.24,216.03,213.44
9/22/2016,217.18,76678713,217,217.53,216.71
9/23/2016,215.99,73630921,216.72,216.88,215.88
9/26/2016,214.24,89827305,215.02,215.23,214.01
9/27/2016,215.57,78494829,214.05,215.68,213.62
9/28/2016,216.64,87411015,215.83,216.82,214.71
9/29/2016,214.68,128070615,216.4,216.87,214.04
9/30/2016,216.3,117202914,215.65,217.12,215.36
10/3/2016,215.78,83512057,215.82,216.04,215.04
10/4/2016,214.68,119948052,215.91,216.17,213.99
10/5/2016,215.63,72815963,215.41,216.13,215.33
10/6/2016,215.78,62927376,215.37,216.04,214.735
10/7/2016,215.04,89788255,216.1,216.3,214.19
10/10/2016,216.16,51855023,216.155,216.7,215.985
10/11/2016,213.43,130367373,215.66,215.74,212.58
10/12/2016,213.71,73866117,213.59,214.32,213.01
10/13/2016,213.01,101356960,212.16,213.59,211.21
10/14/2016,213.12,93346237,214.15,214.69,213.03
10/17/2016,212.38,58275674,213.09,213.39,212.17
10/18/2016,213.71,76869656,214.24,214.31,213.27
10/19/2016,214.28,66519224,214.02,214.64,213.6
10/20/2016,213.88,73639830,213.87,214.53,213.11
10/21/2016,213.98,89089092,212.96,214.08,212.76
10/24/2016,214.89,60146592,215,215.32,214.48
10/25/2016,214.17,66542329,214.68,214.98,213.98
10/26/2016,213.74,75705478,213.21,214.42,212.93
10/27/2016,213.17,77220213,214.58,214.62,213.08
10/28/2016,212.54,140623183,213.14,213.93,211.71
10/31/2016,212.55,61272507,212.93,213.19,212.36
11/1/2016,211.01,122781818,212.93,212.99,209.6
11/2/2016,209.74,103330806,210.65,211.1,209.23
11/3/2016,208.78,88939346,209.99,210.24,208.46
11/4/2016,208.55,109122059,208.91,209.89,208.38
11/7/2016,213.15,109794861,211.45,213.19,211.3
11/8/2016,214.11,106772138,212.69,214.77,212.38
11/9/2016,216.3791875,258428972,212.37,217.1,212.34
11/10/2016,216.92,172113313,217.3,218.31,215.22
11/11/2016,216.42,100552732,216.08,216.7,215.32
11/14/2016,216.59,94579982,217.03,217.27,215.72
11/15/2016,218.28,91652580,217.04,218.28,216.8
11/16/2016,217.87,65617697,217.56,218.14,217.42
11/17/2016,218.99,69797191,218.05,219.06,217.92
11/18/2016,218.5,86265751,219.07,219.27,218.29
11/21/2016,220.15,72402638,219.17,220.18,219
11/22/2016,220.58,67428957,220.51,220.79,219.73
11/23/2016,220.7,56620237,219.98,220.76,219.75
11/25/2016,221.52,37872255,221.1,221.56,221.01
11/28/2016,220.48,76572511,221.16,221.48,220.36
11/29/2016,220.91,69886690,220.52,221.44,220.17
11/30/2016,220.38,113291793,221.63,221.82,220.31
12/1/2016,219.57,79040487,220.73,220.73,219.15
12/2/2016,219.68,74840347,219.67,220.25,219.26
12/5/2016,221,67837821,220.65,221.4,220.42
12/6/2016,221.7,59877377,221.22,221.744125,220.662
12/7/2016,224.6,110738050,221.52,224.67,221.38
12/8/2016,225.15,99714387,224.57,225.7,224.26
12/9/2016,226.51,88005766,225.41,226.53,225.37
12/12/2016,226.25,102016125,226.4,226.96,225.76
12/13/2016,227.76,110477485,227.02,228.34,227
12/14/2016,225.88,142501812,227.41,228.23,225.365
12/15/2016,226.81,124972554,226.16,227.81,225.890375
12/16/2016,225.04,156420152,226.01,226.08,224.67
12/19/2016,225.53,90341147,225.24,226.02,225.08
12/20/2016,226.4,89838810,226.16,226.57,225.88
12/21/2016,225.77,67909039,226.25,226.45,225.77
12/22/2016,225.38,56219071,225.6,225.74,224.92
12/23/2016,225.71,36697822,225.43,225.72,225.21
12/27/2016,226.27,42672487,226.02,226.73,226
12/28/2016,224.4,64095014,226.57,226.59,224.27
12/29/2016,224.35,48696080,224.48,224.89,223.84
12/30/2016,223.53,108998328,224.73,224.83,222.73
1/3/2017,225.24,91366522,225.04,225.83,223.8836875
1/4/2017,226.58,78744433,225.62,226.75,225.61
1/5/2017,226.4,78379012,226.27,226.58,225.48
1/6/2017,227.21,71559922,226.53,227.75,225.9
1/9/2017,226.46,46939676,226.91,227.070125,226.4163125
1/10/2017,226.46,63771939,226.48,227.45,226.01
1/11/2017,227.1,74650016,226.36,227.1,225.59
1/12/2017,226.53,72113181,226.5,226.75,224.955
1/13/2017,227.05,62717865,226.73,227.4,226.69
1/17/2017,226.25,61240814,226.31,226.78,225.8
1/18/2017,226.75,54793302,226.535,226.8,225.9
1/19/2017,225.91,66608787,226.84,227,225.41
1/20/2017,226.74,129168623,226.7,227.31,225.971875
1/23/2017,226.15,75061645,226.35,226.805,225.27
1/24/2017,227.6,95555295,226.4,228.08,226.27
1/25/2017,229.57,84437712,228.7,229.57,228.51
1/26/2017,229.33,59970719,229.4,229.71,229.01
1/27/2017,228.97,59711118,229.42,229.59,228.76
1/30/2017,227.55,79737252,228.17,228.2,226.41
1/31/2017,227.53,75880805,226.98,227.6,226.32
2/1/2017,227.62,79117651,228.255,228.59,226.94
2/2/2017,227.77,69657560,227.2,228.1,226.82
2/3/2017,229.34,80563168,228.82,229.55,228.46
2/6/2017,228.93,57790108,228.87,229.326,228.54
2/7/2017,228.94,57931151,229.38,229.655625,228.72
2/8/2017,229.24,51566218,228.61,229.39,228.31
2/9/2017,230.6,65955245,229.56,230.95,229.52
2/10/2017,231.51,66015892,231,231.77,230.621625
2/13/2017,232.77,55182050,232.08,233.07,232.05
2/14/2017,233.7,71108983,232.56,233.71,232.16
2/15/2017,234.92,86785826,233.45,235.14,233.39
2/16/2017,234.72,84722437,234.96,235.155,233.85
2/17/2017,235.09,77204104,233.95,235.09,233.93
2/21/2017,236.49,88946051,235.52,236.69,235.51
2/22/2017,236.28,62115185,236.02,236.54,235.83
2/23/2017,236.44,74615902,236.88,236.9,235.56
2/24/2017,236.74,82381612,235.46,236.7931875,235.41
2/27/2017,237.11,56515440,236.64,237.31,236.35
2/28/2017,236.47,96961938,236.67,236.95,236.015
3/1/2017,239.78,149158170,238.39,240.32,238.37
3/2/2017,238.27,70245978,239.56,239.57,238.21
3/3/2017,238.42,81974300,238.17,238.61,237.73
3/6/2017,237.71,55391533,237.5,238.12,237.01
3/7/2017,237,65103737,237.36,237.77,236.76
3/8/2017,236.56,78168795,237.34,237.64,236.4
3/9/2017,236.86,90683918,236.7,237.24,235.74
3/10/2017,237.69,81991652,237.97,238.02,236.59
3/13/2017,237.81,57256824,237.62,237.86,237.24
3/14/2017,236.9,59880778,237.18,237.24,236.19
3/15/2017,238.95,96081750,237.56,239.44,237.29
3/16/2017,238.48,78343951,239.11,239.2,238.1
3/17/2017,237.03,89002111,237.75,237.97,237.03
3/20/2017,236.77,52536979,237.03,237.36,236.32
3/21/2017,233.73,131809275,237.47,237.61,233.58
3/22/2017,234.28,97569204,233.77,234.61,233.05
3/23/2017,234.03,100410277,234,235.34,233.6
3/24/2017,233.86,112504853,234.38,235.04,232.96
3/27/2017,233.62,87454452,231.93,233.92,231.61
3/28/2017,235.32,93483915,233.27,235.81,233.14
3/29/2017,235.54,61950354,234.99,235.81,234.725
3/30/2017,236.29,56737890,235.47,236.52,235.27
3/31/2017,235.74,73733094,235.9,236.51,235.68
4/3/2017,235.33,85546486,235.8,236.03,233.91
4/4/2017,235.48,56466195,235,235.58,234.555
4/5/2017,234.78,108800604,236.26,237.39,234.54
4/6/2017,235.44,69135757,234.94,236.04,234.425
4/7/2017,235.2,74412311,235.15,236,234.64
4/10/2017,235.34,67615302,235.36,236.255,234.73
4/11/2017,235.06,88045276,234.9,235.18,233.34
4/12/2017,234.03,81864436,234.74,234.96,233.77
4/13/2017,232.51,92880394,233.64,234.49,232.51
4/17/2017,234.57,68405367,233.11,234.57,232.88
4/18/2017,233.87,83225821,233.72,234.49,233.08
4/19/2017,233.44,68699868,234.52,234.95,233.18
4/20/2017,235.34,92572186,234.15,235.845,233.78
4/21/2017,234.59,110389847,235.25,235.31,234.13
4/24/2017,237.17,119209877,237.18,237.41,234.5628125
4/25/2017,238.55,76698265,237.91,238.95,237.81
4/26/2017,238.4,84702455,238.51,239.53,238.35
4/27/2017,238.6,57410326,238.77,238.95,237.98
4/28/2017,238.08,63532845,238.9,238.93,237.93
5/1/2017,238.68,66882521,238.68,239.17,238.195
5/2/2017,238.77,57375732,238.84,238.98,238.3
5/3/2017,238.48,73137731,238.29,238.8775,237.7
5/4/2017,238.76,61462732,238.83,238.9225,237.78
5/5/2017,239.7,62001269,239.19,239.72,238.68
5/8/2017,239.66,48385730,239.75,239.92,239.17
5/9/2017,239.44,51363200,239.96,240.19,239.04
5/10/2017,239.87,54293799,239.39,239.87,239.15
5/11/2017,239.38,62358346,239.35,239.57,238.13
5/12/2017,238.98,53912730,239.09,239.4273125,238.67
5/15/2017,240.3,61918937,239.47,240.44,239.45
5/16/2017,240.08,51241791,240.64,240.67,239.63
5/17/2017,235.82,172174107,238.1,238.64,235.75
5/18/2017,236.77,107047656,235.73,237.75,235.43
5/19/2017,238.31,115011373,237.33,239.08,237.27
5/22/2017,239.52,61010602,238.9,239.71,238.82
5/23/2017,240.05,48341683,239.95,240.24,239.51
5/24/2017,240.61,49181099,240.32,240.73,239.93
5/25/2017,241.76,64071661,241.2,242.08,240.96
5/26/2017,241.71,46629905,241.54,241.9,241.45
5/30/2017,241.5,35201897,241.34,241.79,241.16
5/31/2017,241.44,91796016,241.84,241.88,240.64
6/1/2017,243.36,68962024,241.97,243.38,241.64
6/2/2017,244.17,88666128,243.42,244.35,243.08
6/5/2017,243.99,44698825,243.97,244.3,243.76
6/6/2017,243.21,50375430,243.34,243.98,243.12
6/7/2017,243.66,54144311,243.6,243.92,242.83
6/8/2017,243.78,65950691,243.77,244.33,243.17
6/9/2017,243.41,132256362,244.09,245.01,241.95
6/12/2017,243.36,86108102,243.13,243.42,242.38
6/13/2017,244.55,60066953,243.98,244.61,243.5799
6/14/2017,244.24,78602311,244.86,244.87,243.29
6/15/2017,243.77,66464888,242.68,243.91,242.36
6/16/2017,242.64,84553097,242.77,242.83,241.6337
6/19/2017,244.66,65123802,243.59,244.73,243.48
6/20/2017,243.01,56906368,244.25,244.26,242.99
6/21/2017,242.95,55977569,243.42,243.59,242.41
6/22/2017,242.84,44148059,242.96,243.53,242.64
6/23/2017,243.13,66986801,242.91,243.51,242.47
6/26/2017,243.29,56700477,243.9,244.38,243.045
6/27/2017,241.33,82247666,243.04,243.38,241.31
6/28/2017,243.49,70042599,242.5,243.715,242.23
6/29/2017,241.35,106949719,243.66,243.72,239.955
6/30/2017,241.8,86820694,242.28,242.71,241.575
7/3/2017,242.21,39153806,242.88,243.38,242.21
7/5/2017,242.77,54427596,242.63,243.01,241.7
7/6/2017,240.55,66115317,241.89,242.03,240.34
7/7/2017,242.11,57972268,241.21,242.28,240.5645
7/10/2017,242.37,36663274,241.95,242.8,241.76
7/11/2017,242.19,50354614,242.16,242.55,240.85
7/12/2017,244.01,59610405,243.3,244.2,243.3
7/13/2017,244.42,39471637,244.02,244.55,243.76
7/14/2017,245.56,60262692,244.43,245.97,244.31
7/17/2017,245.53,33531917,245.47,245.91,245.33
7/18/2017,245.66,42742498,245.06,245.72,244.67
7/19/2017,246.99,51034260,246.02,247,246.01
7/20/2017,247.1,47135183,247.28,247.42,246.47
7/21/2017,246.88,88711019,246.44,246.91,246.18
7/24/2017,246.82,46622256,246.79,246.98,246.28
7/25/2017,247.42,54915591,247.68,247.8,247.16
7/26/2017,247.43,47575422,247.75,247.79,247.13
7/27/2017,247.2,70766568,247.96,248,245.68
7/28/2017,246.91,50088359,246.65,247.06,246.13
7/31/2017,246.77,65838659,247.37,247.48,246.53
8/1/2017,247.32,55050401,247.46,247.5,246.716
8/2/2017,247.44,47211216,247.47,247.6,246.37
8/3/2017,246.96,40855997,247.31,247.34,246.64
8/4/2017,247.41,60191838,247.52,247.79,246.97
8/7/2017,247.87,31995021,247.49,247.87,247.37
8/8/2017,247.26,61719353,247.51,248.91,246.83
8/9/2017,247.25,62632619,246.47,247.31,246.06
8/10/2017,243.76,120479470,246.29,246.44,243.7
8/11/2017,244.12,74869947,244.02,244.8,243.75
8/14/2017,246.54,73291919,245.59,246.79,245.55
8/15/2017,246.51,55242746,246.98,247,246.16
8/16/2017,246.94,56715544,247.11,247.57,246.45
8/17/2017,243.09,128490396,246.24,246.6,243.09
8/18/2017,242.71,136747986,242.9,244.189,242.2
8/21/2017,242.9,65469736,242.64,243.2,241.83
8/22/2017,245.44,63140101,243.57,245.62,243.55
8/23/2017,244.56,50203837,244.33,245.05,244.16
8/24/2017,243.99,50741671,245,245.18,243.75
8/25/2017,244.56,64445912,244.9,245.61,244.39
8/28/2017,244.57,40565606,245.17,245.2,244.09
8/29/2017,244.85,51135715,243.06,245.15,242.93
8/30/2017,246.01,62030805,244.83,246.32,244.62
8/31/2017,247.49,103803880,246.72,247.77,246.0473
9/1/2017,247.84,62006989,247.92,248.33,247.67
9/5/2017,246.06,91398777,247.26,247.52,244.95
9/6/2017,246.9,57916867,246.84,247.28,246.23
9/7/2017,246.87,58034730,247.25,247.27,246.4
9/8/2017,246.58,63832825,246.54,247.11,246.3
9/11/2017,249.21,71364848,248.04,249.3,248.02
9/12/2017,250.05,56896027,249.63,250.09,249.42
9/13/2017,250.17,59228002,249.72,250.21,249.59
9/14/2017,250.09,95446349,249.8,250.32,249.6
9/15/2017,249.19,95432382,248.69,249.29,248.57
9/18/2017,249.72,46235238,249.61,250.12,249.28
9/19/2017,249.97,47108148,250,250.07,249.6
9/20/2017,250.06,59574083,250.07,250.19,248.92
9/21/2017,249.39,48211398,249.88,249.98,249.185
9/22/2017,249.44,51214032,249.05,249.63,249.02
9/25/2017,248.93,57064357,249.15,249.5532,248.08
9/26/2017,249.08,54081959,249.42,249.7,248.805
9/27/2017,250.05,81001426,249.88,250.49,248.87
9/28/2017,250.35,44778841,249.73,250.44,249.63
9/29/2017,251.23,85578002,250.34,251.32,250.13
10/2/2017,252.32,59022985,251.49,252.32,251.2926
10/3/2017,252.86,66810169,252.46,252.89,252.23
10/4/2017,253.16,55953619,252.69,253.44,252.56
10/5/2017,254.66,63522757,253.54,254.68,253.196
10/6/2017,254.37,80645998,254.15,254.7008,253.85
10/9/2017,253.95,35803138,254.63,254.7,253.65
10/10/2017,254.62,43057363,254.6,255.05,253.98
10/11/2017,255.02,47674325,254.51,255.02,254.32
10/12/2017,254.64,47065144,254.66,255.06,254.365
10/13/2017,254.95,54800435,255.14,255.27,254.64
10/16/2017,255.29,38221675,255.21,255.51,254.82
10/17/2017,255.47,31560964,255.23,255.52,254.98
10/18/2017,255.72,40888330,255.9,255.95,255.5
10/19/2017,255.79,61903788,254.83,255.83,254.35
10/20/2017,257.11,89176377,256.7,257.14,255.7744
10/23/2017,256.11,63915306,257.48,257.51,256.02
10/24/2017,256.56,66935910,256.6,256.83,256.15
10/25/2017,255.29,103715291,256.18,256.31,254
10/26/2017,255.62,69797972,255.99,256.3,255.48
10/27/2017,257.71,85562544,256.47,257.89,255.6254
10/30/2017,256.75,54285687,257.07,257.6,256.41
10/31/2017,257.15,60304781,257.18,257.44,256.805
11/1/2017,257.49,54202736,258.04,258.43,257.07
11/2/2017,257.59,56449535,257.41,257.75,256.19
11/3/2017,258.45,59589730,257.77,258.5,257.3
11/6/2017,258.85,49652598,258.3,259,258.22
11/7/2017,258.67,57502161,258.97,259.35,258.09
11/8/2017,259.11,50469579,258.47,259.22,258.15
11/9/2017,258.17,95085497,257.73,258.39,256.36
11/10/2017,258.09,59984662,257.73,258.2926,257.37
11/13/2017,258.33,50228648,257.31,258.59,257.27
11/14/2017,257.73,61315152,257.41,257.85,256.52
11/15/2017,256.44,80811525,256.62,257.22,255.63
11/16/2017,258.62,67777027,257.52,259.04,257.4748
11/17/2017,257.86,75756833,258.22,258.5882,257.77
11/20/2017,258.3,48075514,258.14,258.525,257.86
11/21/2017,259.99,69176799,259.18,260.2,258.2627
11/22/2017,259.76,45033392,260,260.15,259.57
11/24/2017,260.36,27856514,260.32,260.48,260.16
11/27/2017,260.23,52274922,260.41,260.75,260
11/28/2017,262.87,98971719,260.76,262.9,260.655
11/29/2017,262.71,77512102,263.02,263.63,262.2
11/30/2017,265.01,127894389,263.76,266.05,263.67
12/1/2017,264.46,164390902,264.76,265.31,260.76
12/4/2017,264.14,94040560,266.31,266.8,264.08
12/5/2017,263.19,77994544,264.43,265.15,263.04
12/6/2017,263.24,75898566,262.87,263.73,262.71
12/7/2017,264.07,77218569,263.09,264.43,262.94
12/8/2017,265.51,76563873,264.99,265.52,264.0315
12/11/2017,266.31,83077533,265.58,266.38,265.4793
12/12/2017,266.78,85195750,266.57,267.32,266.345
12/13/2017,266.75,102905409,267.06,267.56,266.65
12/14/2017,265.66,100666692,267.09,267.22,265.6
12/15/2017,266.51,144610290,265.45,267.04,265.39
12/18/2017,268.2,83653572,268.1,268.6,267.98
12/19/2017,267.17,82382876,268.48,268.53,267.09
12/20/2017,267.03,76751500,268.27,268.33,266.69
12/21/2017,267.58,67032339,267.74,268.385,267.3
12/22/2017,267.51,78720873,267.6,267.635,266.9
12/26/2017,267.19,45244433,267.05,267.4377,266.885
12/27/2017,267.32,57750986,267.38,267.73,267.01
12/28/2017,267.87,45116139,267.89,267.92,267.45
12/29/2017,266.86,96007424,268.53,268.55,266.64
1/2/2018,268.77,86655749,267.84,268.81,267.4
1/3/2018,270.47,90070416,268.96,270.64,268.96
1/4/2018,271.61,80636408,271.2,272.16,270.5447
1/5/2018,273.42,83523995,272.51,273.56,271.95
1/8/2018,273.92,57319192,273.31,274.1,272.98
1/9/2018,274.54,57253957,274.4,275.25,274.081
1/10/2018,274.12,69574318,273.68,274.42,272.92
1/11/2018,276.12,62361455,274.75,276.12,274.56
1/12/2018,277.92,90816076,276.42,278.11,276.0819
1/16/2018,276.97,106555142,279.35,280.09,276.18
1/17/2018,279.61,113258799,278.03,280.05,276.97
1/18/2018,279.14,100728006,279.48,279.96,278.58
1/19/2018,280.41,140920098,279.8,280.41,279.14
1/22/2018,282.69,91322408,280.17,282.69,280.11
1/23/2018,283.29,97084700,282.74,283.62,282.37
1/24/2018,283.18,134816117,284.02,284.7,281.84
1/25/2018,283.3,84587313,284.16,284.27,282.405
1/26/2018,286.58,107743119,284.25,286.6285,283.96
1/29/2018,284.68,90118337,285.93,286.43,284.5
1/30/2018,281.76,131796419,282.6,284.736,281.22
1/31/2018,281.9,118948131,282.73,283.3,280.68
2/1/2018,281.58,90102470,281.07,283.06,280.68
2/2/2018,275.45,173174790,280.08,280.23,275.41
2/5/2018,263.93,294681816,273.45,275.85,263.31
2/6/2018,269.13,355026782,259.94,269.7,258.7
2/7/2018,267.67,167376100,268.5,272.36,267.58
2/8/2018,257.63,246449505,268.01,268.17,257.59
2/9/2018,261.5,283565315,260.8,263.61,252.92
2/12/2018,265.34,143735976,263.83,267.01,261.6644
2/13/2018,266,81223640,263.97,266.62,263.31
2/14/2018,269.59,120735685,264.31,270,264.3
2/15/2018,273.03,111200286,271.57,273.04,268.77
2/16/2018,273.11,160420135,272.32,275.32,272.27
2/20/2018,271.4,86369662,272.03,273.67,270.5
2/21/2018,270.05,98883740,271.9,274.72,269.94
2/22/2018,270.4,110511290,271.1,273.05,269.64
2/23/2018,274.71,92766428,271.79,274.71,271.25
2/26/2018,277.9,86491406,275.93,278.01,275.26
2/27/2018,274.43,99099165,278.11,278.92,274.36
2/28/2018,271.65,121907767,275.68,276.19,271.29
3/1/2018,267.7,176855077,271.41,273.17,266
3/2/2018,269.08,139083217,265.8,269.72,264.82
3/5/2018,272.19,97307387,267.73,272.89,267.61
3/6/2018,272.88,79213163,273.3,273.39,271.18
3/7/2018,272.78,87063502,270.42,273.18,270.2
3/8/2018,274.1,66901150,273.55,274.24,272.42
3/9/2018,278.87,113625335,275.7,278.87,275.34
3/12/2018,278.52,71924793,279.2,279.91,278.0801
3/13/2018,276.72,91968937,279.84,280.41,276.03
3/14/2018,275.3,105895079,277.81,278.02,274.67
3/15/2018,275,83433038,275.88,276.61,274.43
3/16/2018,274.2,100343673,274.5,275.39,274.14
3/19/2018,270.49,109208442,273.35,274.3957,268.62
3/20/2018,270.95,59757271,270.94,271.67,270.18
3/21/2018,270.43,78709578,270.9,273.27,270.19
3/22/2018,263.67,148785916,267.91,268.87,263.36
3/23/2018,258.05,183534751,264.17,265.02,257.83
3/26/2018,265.11,141956102,262.13,265.43,259.41
3/27/2018,260.6,129941445,266.17,266.77,258.84
3/28/2018,259.83,146452306,260.75,262.64,258.58
3/29/2018,263.15,124244790,261.12,265.26,259.8389
4/2/2018,257.47,186286343,262.55,263.13,254.67
4/3/2018,260.77,119956861,258.87,261.31,256.84
4/4/2018,263.56,123715339,256.75,264.355,256.6
4/5/2018,265.64,82652618,265.55,266.64,264.32
4/6/2018,259.72,179521209,263.42,265.11,258
4/9/2018,261,105442932,261.37,264.84,259.9356
4/10/2018,265.15,105573736,264.27,266.04,262.98
4/11/2018,263.76,91140243,263.47,265.64,263.39
4/12/2018,265.93,68890480,265.26,267,265.06
4/13/2018,265.15,85079176,267.41,267.54,264.01
4/16/2018,267.33,63405287,267,268.2,266.07
4/17/2018,270.19,64682036,269.33,270.87,268.75
4/18/2018,270.39,57303857,270.69,271.3,269.87
4/19/2018,268.89,77655909,269.65,269.88,267.72
4/20/2018,266.61,99953133,268.81,269.06,265.61
4/23/2018,266.57,65557954,267.26,267.89,265.35
4/24/2018,262.98,112885452,267.73,267.9762,261.28
4/25/2018,263.63,103840948,262.91,264.13,260.85
4/26/2018,266.31,67731942,264.79,267.2452,264.29
4/27/2018,266.56,57053647,267,267.34,265.5
4/30/2018,264.51,82182324,267.26,267.89,264.43
5/1/2018,264.98,74203365,263.87,265.1,262.11
5/2/2018,263.2,86368943,264.76,265.68,262.76
5/3/2018,262.62,136311479,262.26,263.36,259.05
5/4/2018,266.02,91222075,261.52,266.7892,261.15
5/7/2018,266.92,55304907,266.89,268.02,266.11
5/8/2018,266.92,67499247,266.5,267.325,265.15
5/9/2018,269.5,59666143,267.68,269.865,267.09
5/10/2018,272.02,72063931,270.34,272.39,270.22
5/11/2018,272.85,59871511,272.16,273.15,271.58
5/14/2018,272.98,54790606,273.34,274.08,272.36
5/15/2018,271.1,87036136,271.59,271.61,270.03
5/16/2018,272.24,53942631,271.14,272.76,271.11
5/17/2018,272.01,56536400,271.94,273.23,271.13
5/18/2018,271.33,64367959,271.62,272.03,270.93
5/21/2018,273.37,58025875,273.01,273.98,271.3512
5/22/2018,272.61,52966358,273.96,274.25,272.24
5/23/2018,273.36,64694184,271.17,273.39,270.99
5/24/2018,272.8,76043827,272.91,273.22,270.78
5/25/2018,272.15,56374755,272.15,272.86,271.58
5/29/2018,269.02,115908607,270.31,271.17,267.76
5/30/2018,272.61,69678449,270.5,273.11,270.42
5/31/2018,270.94,93519941,272.15,272.49,270.255
6/1/2018,273.6,71258411,272.41,273.94,272.33
6/4/2018,274.9,45385166,274.53,275.185,274.26
6/5/2018,275.1,51135038,275.05,275.53,274.18
6/6/2018,277.4,62732215,275.79,277.52,275.09
6/7/2018,277.37,72969402,277.95,278.28,276.34
6/8/2018,278.19,72139719,276.85,278.25,276.66
6/11/2018,278.56,58892515,278.44,279.37,278.31
6/12/2018,278.92,72329028,279.03,279.33,278.19
6/13/2018,278.03,79070610,279.19,279.48,277.8
6/14/2018,278.73,77097620,279.01,279.33,278.0599
6/15/2018,277.13,120041562,276.6,277.51,275.35
6/18/2018,276.56,52917581,275.49,276.7,274.95
6/19/2018,275.5,97531510,274,275.75,273.53
6/20/2018,275.97,53785486,276.27,276.72,275.59
6/21/2018,274.24,71061404,275.96,275.98,273.68
6/22/2018,274.74,56612003,275.66,275.785,274.49
6/25/2018,271,137854162,273.44,273.6162,269.1
6/26/2018,271.6,68683211,271.64,272.56,270.79
6/27/2018,269.35,105110674,272.26,273.865,269.18
6/28/2018,270.89,76650517,269.29,271.75,268.49
6/29/2018,271.28,97592499,272.12,273.66,271.1495
7/2/2018,271.86,63554774,269.51,272.04,269.24
7/3/2018,270.9,42187071,272.87,272.98,270.42
7/5/2018,273.11,56925919,272.17,273.18,270.96
7/6/2018,275.42,66493696,273.14,275.84,272.715
7/9/2018,277.9,50550399,276.55,277.96,276.5
7/10/2018,278.9,51966829,278.41,279.01,278.08
7/11/2018,276.86,77054739,277.15,278.04,276.52
7/12/2018,279.37,60124687,278.28,279.43,277.6
7/13/2018,279.59,48234964,279.17,279.93,278.66
7/16/2018,279.34,48201038,279.64,279.803,278.84
7/17/2018,280.47,52315500,278.47,280.91,278.41
7/18/2018,281.06,44593465,280.56,281.18,280.06
7/19/2018,280,61412117,280.31,280.74,279.46
7/20/2018,279.68,82372729,279.77,280.48,279.5
7/23/2018,280.2,47047565,279.45,280.43,279.06
7/24/2018,281.61,68026935,281.79,282.56,280.63
7/25/2018,284.01,78882927,281.33,284.37,281.28
7/26/2018,283.34,57919495,283.2,284.11,283.09
7/27/2018,281.42,76783177,283.71,283.82,280.38
7/30/2018,279.95,63742508,281.51,281.69,279.36
7/31/2018,281.33,68570493,280.81,282.02,280.38
8/1/2018,280.86,53853326,281.56,282.13,280.1315
8/2/2018,282.39,63426363,279.39,282.58,279.16
8/3/2018,283.6,53935386,282.53,283.6577,282.33
8/6/2018,284.64,39400887,283.64,284.99,283.2015
8/7/2018,285.58,43196646,285.39,286.01,285.24
8/8/2018,285.46,42114551,285.39,285.91,284.94
8/9/2018,285.07,35716976,285.53,285.97,284.915
8/10/2018,283.16,77076044,283.45,284.055,282.36
8/13/2018,282.1,65732909,283.47,284.16,281.77
8/14/2018,283.9,43842031,282.92,284.17,282.4833
8/15/2018,281.78,102925355,282.38,282.54,280.16
8/16/2018,284.06,69967919,283.4,285.04,283.36
8/17/2018,285.06,65618481,283.83,285.5601,283.37
8/20/2018,285.67,39807490,285.57,285.97,285.06
8/21/2018,286.34,67271983,286.25,287.31,285.7135
8/22/2018,286.17,44993333,285.88,286.76,285.575
8/23/2018,285.79,49204851,285.97,286.94,285.43
8/24/2018,287.51,57487399,286.44,287.67,286.38
8/27/2018,289.78,57072377,288.86,289.9,288.68
8/28/2018,289.92,46943472,290.3,290.4175,289.4
8/29/2018,291.48,61485514,290.16,291.74,289.8854
8/30/2018,290.3,61229501,290.94,291.36,289.63
8/31/2018,290.31,66140838,289.84,290.81,289.29
9/4/2018,289.81,57594367,289.84,290.21,288.68
9/5/2018,289.03,72452437,289.41,289.64,287.89
9/6/2018,288.16,65909863,289.15,289.49,287
9/7/2018,287.6,73524824,286.98,288.7,286.71
9/10/2018,288.1,50210903,288.74,289.04,287.88
9/11/2018,289.05,50530492,287.37,289.55,286.975
9/12/2018,289.12,59810758,289.06,289.8,288.23
9/13/2018,290.83,51034222,290.32,291.0384,289.995
9/14/2018,290.88,55079875,291.06,291.27,290
9/17/2018,289.34,68244043,290.82,290.86,289.03
9/18/2018,290.91,61930407,289.58,291.58,289.55
9/19/2018,291.22,49080562,290.97,291.69,290.825
9/20/2018,293.58,100360646,292.64,293.94,291.2363
9/21/2018,291.99,105479656,293.09,293.22,291.81
9/24/2018,291.02,53409645,291.34,291.5,290.37
9/25/2018,290.75,44370037,291.53,291.65,290.4833
9/26/2018,289.88,79739674,290.91,292.24,289.41
9/27/2018,290.69,59249455,290.41,291.91,290.1
9/28/2018,290.72,70091385,289.99,291.28,289.95
10/1/2018,291.73,62078937,292.11,292.93,290.98
10/2/2018,291.56,47258227,291.56,292.355,291.14
10/3/2018,291.72,64694594,292.74,293.21,291.32
10/4/2018,289.44,111545910,291.18,291.24,287.66
10/5/2018,287.82,105951698,289.69,290.27,286.22
10/8/2018,287.82,87742172,287.05,288.22,285.5
10/9/2018,287.4,74338982,287.39,288.86,286.77
10/10/2018,278.3,214731042,286.83,286.91,277.88
10/11/2018,272.17,274840491,277.08,278.9,270.36
10/12/2018,275.95,183186492,276.77,277.09,272.37
10/15/2018,274.4,102263717,275.55,277.04,274.3
10/16/2018,280.4,118255834,276.6,280.82,276.07
10/17/2018,280.45,110625987,280.44,281.15,277.56
10/18/2018,276.4,134557525,279.4,280.07,274.97
10/19/2018,276.25,139901634,277.13,279.3,275.47
10/22/2018,275.01,82415812,277,277.36,274.41
10/23/2018,273.61,146352719,270.95,274.87,268.61
10/24/2018,265.32,177806697,273.33,273.76,264.7
10/25/2018,270.08,138061545,267.38,271.81,266.23
10/26/2018,265.33,201574596,265.92,271,262.29
10/29/2018,263.86,160749101,268.8,270.25,259.85
10/30/2018,267.77,157115995,263.67,268.12,263.12
10/31/2018,270.63,128296325,270.65,273.23,270.12
11/1/2018,273.51,99495037,271.6,273.73,270.38
11/2/2018,271.89,122634107,274.75,275.23,269.59
11/5/2018,273.39,65622482,272.44,274.01,271.35
11/6/2018,275.12,60085894,273.32,275.3,273.25
11/7/2018,281.01,102752099,277.56,281.1,277.08
11/8/2018,280.5,65584886,280.11,281.22,279.22
11/9/2018,277.76,98812561,279.03,279.24,276.18
11/12/2018,272.57,99673574,277.19,277.46,271.99
11/13/2018,272.06,98176610,273.09,275.325,271.25
11/14/2018,270.2,125335931,274.16,274.61,268.45
11/15/2018,273.02,135101437,268.78,273.54,267.0102
11/16/2018,273.73,126668040,271.79,274.75,271.21
11/19/2018,269.1,103061706,273.05,273.38,268.07
11/20/2018,264.12,136021311,265.36,267,263.15
11/21/2018,265.02,75563743,265.86,267.15,265.01
11/23/2018,263.25,42807878,263.18,264.8234,263.07
11/26/2018,267.5,79981362,265.78,267.75,265.34
11/27/2018,268.4,75502441,266.34,268.4,265.66
11/28/2018,274.58,127629633,269.6,274.58,268.3272
11/29/2018,273.98,82346420,273.71,275.55,272.43
11/30/2018,275.65,98204190,273.81,276.28,273.45
12/3/2018,279.3,103017719,280.28,280.4,277.505
12/4/2018,270.25,177986013,278.37,278.85,269.9
12/6/2018,269.84,204185411,265.92,269.97,262.44
12/7/2018,263.57,161018923,269.46,271.22,262.63
12/10/2018,264.07,151445885,263.37,265.1613,258.62
12/11/2018,264.13,121504431,267.66,267.87,262.48
12/12/2018,265.46,97976706,267.47,269,265.37
12/13/2018,265.37,96662717,266.52,267.49,264.12
12/14/2018,260.47,116961071,262.96,264.03,259.85
12/17/2018,255.36,165492257,259.4,260.65,253.525
12/18/2018,255.08,134515094,257.2,257.95,253.28
12/19/2018,251.26,214992763,255.17,259.4,249.35
12/20/2018,247.17,252053377,249.86,251.62,244.65
12/21/2018,240.7,255345633,246.74,249.71,239.98
12/24/2018,234.34,147311588,239.04,240.8355,234.27
12/26/2018,246.18,218485360,235.97,246.18,233.76
12/27/2018,248.07,186267342,242.57,248.29,238.96
12/28/2018,247.75,153100189,249.58,251.4,246.45
12/31/2018,249.92,144299370,249.56,250.19,247.47
1/2/2019,250.18,126925199,245.98,251.21,245.95
1/3/2019,244.21,144140692,248.23,248.57,243.67
1/4/2019,252.39,142628834,247.59,253.11,247.17
1/7/2019,254.38,103139100,252.69,255.95,251.69
1/8/2019,256.77,102512587,256.82,257.31,254
1/9/2019,257.97,95006554,257.56,258.91,256.19
1/10/2019,258.88,96823923,256.26,259.16,255.5
1/11/2019,258.98,73858110,257.68,259.0098,257.03
1/14/2019,257.4,70908227,256.86,258.3,256.41
1/15/2019,260.35,85208271,257.82,260.7,257.81
1/16/2019,260.98,77636710,260.83,261.9666,260.6
1/17/2019,262.96,96118435,260.01,263.92,259.96
1/18/2019,266.46,127900303,264.98,266.98,262.998
1/22/2019,262.86,115531183,264.82,265.06,261.06
1/23/2019,263.41,86030287,264.01,264.79,260.66
1/24/2019,263.55,59204139,263.21,264.2,262.08
1/25/2019,265.78,96883358,265.61,266.7,263.6595
1/28/2019,263.76,85613655,263.39,263.83,261.79
1/29/2019,263.41,66136334,263.92,264.55,262.48
1/30/2019,267.58,92473671,265.1,268.52,264.25
1/31/2019,269.93,104012073,267.51,270.47,267.27
2/1/2019,270.06,85782524,270.15,271.2,269.18
2/4/2019,271.96,60744844,270.11,272.03,269.36
2/5/2019,273.1,79552774,272.44,273.44,271.88
2/6/2019,272.74,58347791,272.79,273.34,271.92
2/7/2019,270.14,95481961,270.94,271.55,268.29
2/8/2019,270.47,75788861,268.75,270.58,267.83
2/11/2019,270.62,68021423,271.2,271.49,270.03
2/12/2019,274.1,72270221,272.42,274.52,272.34
2/13/2019,274.99,65277204,275.03,275.93,274.56
2/14/2019,274.38,83234396,273.78,275.64,272.87
2/15/2019,277.37,97088659,276.36,277.41,276.13
2/19/2019,277.85,59120804,276.4813,278.58,276.47
2/20/2019,278.41,76610767,277.81,278.92,277.25
2/21/2019,277.42,64214727,277.7,278.1,276.345
2/22/2019,279.14,78114616,278.11,279.36,277.4029
2/25/2019,279.52,69030699,280.73,281.31,279.43
2/26/2019,279.32,56844101,279.13,280.3,278.9
2/27/2019,279.2,56921570,278.52,279.59,277.48
2/28/2019,278.68,69268293,278.96,279.45,278.32
3/1/2019,280.42,78880548,280.44,280.88,278.82
3/4/2019,279.4,106494637,281.6,281.87,276.84
3/5/2019,279.02,59114559,279.54,279.76,278.41
3/6/2019,277.33,75039771,279.15,279.16,276.97
3/7/2019,275.01,94885089,276.83,276.99,274.07
3/8/2019,274.46,85795799,272.94,274.65,272.42
3/11/2019,278.44,65098897,275.26,278.62,275.23
3/12/2019,279.49,79667530,279.06,280.07,278.85
3/13/2019,281.34,80639153,280.48,282.38,280.3
3/14/2019,281.16,67518366,281.37,281.84,280.6662
3/15/2019,281.31,81308979,280.54,282.21,280.33
3/18/2019,282.33,62199806,281.55,282.66,281.3
3/19/2019,282.4,90268121,283.51,284.36,281.41
3/20/2019,281.55,84609210,282.16,283.5,280.32
3/21/2019,284.73,79550375,280.64,285.18,280.59
3/22/2019,279.25,122659286,283.22,283.8034,279.18
3/25/2019,279.04,85575197,278.87,280.1853,277.64
3/26/2019,281.12,68125920,280.99,282.18,279.56
3/27/2019,279.65,72224722,281.11,281.76,277.93
3/28/2019,280.71,56238545,280.35,281.21,279.07
3/29/2019,282.48,82186806,282.39,282.84,281.14
4/1/2019,285.83,77617945,284.7,286.16,284.4
4/2/2019,285.97,40070351,286.04,286.23,285.09
4/3/2019,286.42,68243202,287.32,287.76,285.75
4/4/2019,287.18,48997505,286.78,287.459,286.01
4/5/2019,288.57,58621729,287.92,288.63,287.6
4/8/2019,288.79,53566335,288.1,288.91,287.37
4/9/2019,287.31,66142316,287.72,288.08,286.7
4/10/2019,288.29,52601499,287.77,288.3899,287.31
4/11/2019,288.21,55093100,288.83,288.84,287.578
4/12/2019,290.16,69727782,290,290.47,288.261
4/15/2019,289.97,49596685,290.24,290.35,289.075
4/16/2019,290.16,52153197,290.95,291.01,289.5
4/17/2019,289.45,58268295,291.4,291.425,288.99
4/18/2019,290.02,68708513,290.1,290.32,288.66
4/22/2019,290.27,40160140,289.17,290.435,289.07
4/23/2019,292.88,52246633,290.68,293.14,290.42
4/24/2019,292.23,50392914,292.79,293.16,292.07
4/25/2019,292.05,57770862,292.12,292.78,290.73
4/26/2019,293.41,50916423,292.1,293.49,291.2401
4/29/2019,293.87,57197747,293.51,294.45,293.41
4/30/2019,294.02,81111733,293.49,294.34,291.92
5/1/2019,291.81,71671870,294.72,294.95,291.8
5/2/2019,291.18,65030170,291.68,292.7,289.52
5/3/2019,294.03,56543653,292.82,294.34,291.2998
5/6/2019,292.82,107198069,289.25,293.31,288.9
5/7/2019,287.93,144729908,290.15,290.81,285.81
5/8/2019,287.53,91568287,287.53,289.43,286.87
5/9/2019,286.66,103471104,285.23,287.33,283.3
5/10/2019,288.1,112429293,285.62,288.94,282.3
5/13/2019,280.86,127290527,282.42,283.49,279.93
5/14/2019,283.4,77003230,281.99,285.1,281.85
5/15/2019,285.06,73956407,281.59,285.77,281.36
5/16/2019,287.7,76749643,285.84,289.21,285.76
5/17/2019,285.84,100353024,285.14,288.6,285.1207
5/20/2019,283.95,62877610,284.06,285.43,283.12
5/21/2019,286.51,46847085,285.83,286.93,285.55
5/22/2019,285.63,49482472,285.45,286.69,285.1
5/23/2019,282.14,98733847,283.16,283.21,280.57
5/24/2019,282.78,55268095,283.74,284.2,282.09
5/28/2019,280.15,70029356,283.09,284.15,280.13
5/29/2019,278.27,104972927,278.91,279.36,276.71
5/30/2019,279.03,62523780,279.11,280.04,277.805
5/31/2019,275.27,86862782,276.2,277.12,275.24
6/3/2019,274.57,96427952,275.31,276.5521,273.09
6/4/2019,280.53,77231889,277.12,280.68,276.62
6/5/2019,282.96,71169717,282.33,282.99,280.32
6/6/2019,284.8,69430381,283.29,285.55,282.57
6/7/2019,287.65,74272199,285.93,288.85,285.74
6/10/2019,288.97,60799053,289.37,290.82,288.8734
6/11/2019,288.9,58641325,290.99,291.4,288.1805
6/12/2019,288.39,47096312,288.64,289.26,287.815
6/13/2019,289.58,48945156,289.4,289.98,288.62
6/14/2019,289.26,52324716,289.26,289.93,288.41
6/17/2019,289.37,39205709,289.52,290.22,289.18
6/18/2019,292.4,85434823,291.39,293.57,290.99
6/19/2019,293.06,78674377,292.55,293.65,291.47
6/20/2019,295.86,116570017,296.04,296.3093,293.1255
6/21/2019,294,83309466,294.13,295.52,293.76
6/24/2019,293.64,47582730,294.23,294.58,293.47
6/25/2019,290.76,82028656,293.7,293.73,290.64
6/26/2019,290.47,51584902,291.75,292.31,290.345
6/27/2019,291.5,40355239,291.31,292.06,290.89
6/28/2019,293,59350929,292.58,293.55,292.01
7/1/2019,295.66,79117620,296.68,296.92,294.33
7/2/2019,296.43,61504544,295.61,296.49,294.68
7/3/2019,298.8,40898896,297.18,298.82,297.02
7/5/2019,298.46,51677326,297.44,298.64,296.01
7/8/2019,296.82,45841772,297.01,298.2579,296.22
7/9/2019,297.19,41101279,295.54,297.52,295.48
7/10/2019,298.61,58595558,298.37,299.66,297.78
7/11/2019,299.31,50889481,299.32,299.58,298.2
7/12/2019,300.65,40354410,299.85,300.73,299.51
7/15/2019,300.75,33910261,301.13,301.13,300.19
7/16/2019,299.71,40567964,300.65,300.88,299.44
7/17/2019,297.74,44102443,299.75,299.93,297.74
7/18/2019,298.83,51701687,297.19,299.25,296.7
7/19/2019,297.17,71081238,300.04,300.07,296.96
7/22/2019,297.9,43687404,297.61,298.5,297.04
7/23/2019,300.03,44657973,299.14,300.03,298.22
7/24/2019,301.44,47213232,299.19,301.44,299.09
7/25/2019,300,55394092,300.94,301,299.11
7/26/2019,302.01,45084077,300.76,302.23,300.62
7/29/2019,301.46,38126462,301.88,301.93,300.85
7/30/2019,300.72,45849045,299.91,301.17,299.49
7/31/2019,297.43,104245162,300.99,301.2,295.2
8/1/2019,294.84,142646576,297.6,300.87,293.96
8/2/2019,292.62,116749695,293.85,294.12,290.9
8/5/2019,283.82,178745449,288.09,288.21,281.72
8/6/2019,287.8,120711682,285.91,288.04,284.28
8/7/2019,287.97,140572265,284.4,288.82,282.04
8/8/2019,293.62,87713904,289.62,293.62,289.01
8/9/2019,291.62,93729958,292.58,293.24,289.65
8/12/2019,288.07,65527632,289.96,291.6052,287.02
8/13/2019,292.55,94792972,287.74,294.15,287.36
8/14/2019,283.9,135622053,288.07,292.4644,283.76
8/15/2019,284.65,101929845,284.88,285.64,282.39
8/16/2019,288.85,85825286,286.48,289.33,284.7138
8/19/2019,292.33,53640153,292.19,293.08,291.44
8/20/2019,290.09,51652752,291.77,292.36,289.95
8/21/2019,292.45,49723430,292.48,292.86,291.72
8/22/2019,292.36,51739292,293.23,293.93,290.4
8/23/2019,284.85,149318151,290.92,292.76,283.47
8/26/2019,288,72620598,287.27,288,285.58
8/27/2019,286.87,68262998,289.54,289.95,286.03
8/28/2019,288.89,59852324,286.14,289.07,285.25
8/29/2019,292.58,57998913,291.72,293.16,290.61
8/30/2019,292.45,62961780,294.22,294.2399,291.42
9/3/2019,290.74,69231875,290.57,291.58,289.27
9/4/2019,294.04,47003957,293.14,294.055,292.31
9/5/2019,297.82,83356779,296.79,298.83,294.001
9/6/2019,298.05,49584290,298.17,298.76,297.42
9/9/2019,298.2,51260290,299.14,299.24,297.16
9/10/2019,298.13,57947101,297.36,298.2,295.97
9/11/2019,300.25,68821066,298.47,300.34,297.75
9/12/2019,301.29,72908745,301.25,302.46,300.41
9/13/2019,301.09,62104838,301.78,302.17,300.68
9/16/2019,300.16,58191175,299.84,301.1378,299.45
9/17/2019,300.92,42904427,299.94,301.02,299.75
9/18/2019,301.1,74192091,300.49,301.22,298.24
9/19/2019,301.08,78099215,301.53,302.63,300.7103
9/20/2019,298.28,97455979,300.36,300.67,297.41
9/23/2019,298.21,47541321,297.55,299,297.27
9/24/2019,295.87,97367568,299.41,299.84,294.81
9/25/2019,297.62,73434081,295.96,298.11,294.33
9/26/2019,297,58722357,297.63,297.86,295.45
9/27/2019,295.4,84781110,297.83,297.9465,293.69
9/30/2019,296.77,52562761,295.97,297.55,295.92
10/1/2019,293.24,89900420,297.74,298.455,293
10/2/2019,288.06,124523974,291.5,291.51,286.64
10/3/2019,290.42,85906799,287.81,290.45,284.82
10/4/2019,294.35,66700681,291.14,294.63,290.82
10/7/2019,293.08,60656561,293.47,295.26,292.77
10/8/2019,288.53,101575470,291.04,291.85,288.49
10/9/2019,291.27,65707329,290.75,292.3,288.6559
10/10/2019,293.24,57255974,291.18,294.21,291
10/11/2019,296.28,101228577,296.27,298.74,296.1448
10/14/2019,295.95,40546668,295.93,296.67,295.57
10/15/2019,298.88,47832356,297.1,299.7,296.97
10/16/2019,298.4,50563596,298.37,299.16,297.92
10/17/2019,299.28,46784885,299.68,300.24,298.515
10/18/2019,297.97,64338028,298.69,299.395,296.99
10/21/2019,299.99,39460901,299.42,300.21,298.935
10/22/2019,299.01,49126038,300.58,300.9,298.91
10/23/2019,299.88,34991829,298.73,299.94,298.495
10/24/2019,300.37,35857459,300.91,301.07,299.4601
10/25/2019,301.6,45205412,299.74,302.2,299.6806
10/28/2019,303.3,42146965,302.94,303.85,302.91
10/29/2019,303.21,44284921,303,304.23,302.86
10/30/2019,304.14,49643928,303.43,304.55,301.99
10/31/2019,303.33,69053791,304.13,304.13,301.73
11/1/2019,306.14,71141515,304.92,306.19,304.74
11/4/2019,307.37,60606916,307.85,308,306.96
11/5/2019,307.03,42933219,307.59,307.9195,306.71
11/6/2019,307.1,46487108,307.03,307.4,306.06
11/7/2019,308.18,54272274,308.57,309.65,307.66
11/8/2019,308.94,49068797,307.8,309.0036,307.03
11/11/2019,308.35,35934909,307.42,308.54,307.27
11/12/2019,309,46484624,308.75,309.99,308.15
11/13/2019,309.1,54459018,307.91,309.54,307.66
11/14/2019,309.55,52001874,308.79,309.64,308.09
11/15/2019,311.79,62706192,311.02,311.84,310.26
11/18/2019,312.02,49327980,311.53,312.28,311.03
11/19/2019,311.93,67927818,312.68,312.69,311.22
11/20/2019,310.77,79696276,311.28,311.85,309.06
11/21/2019,310.27,54664690,310.89,311.01,309.39
11/22/2019,310.96,44850228,311.09,311.24,309.85
11/25/2019,313.37,48762676,311.98,313.37,311.98
11/26/2019,314.08,37727953,313.41,314.28,313.06
11/27/2019,315.48,44793179,314.61,315.48,314.37
11/29/2019,314.31,36592740,314.86,315.13,314.06
12/2/2019,311.64,76110027,314.59,314.66,311.17
12/3/2019,309.55,75172709,308.65,309.64,307.13
12/4/2019,311.46,49190402,310.7,312.12,310.32
12/5/2019,312.02,40781669,312.23,312.25,310.58
12/6/2019,314.87,48956767,314.12,315.31,314.11
12/9/2019,313.88,34904315,314.44,315.18,313.8
12/10/2019,313.53,53107133,313.82,314.55,312.81
12/11/2019,314.42,53521450,314.03,314.7,313.4393
12/12/2019,317.13,96585802,314.43,317.99,314.17
12/13/2019,317.32,81546487,316.87,318.67,316.02
12/16/2019,319.5,82836128,319.22,320.15,317.2542
12/17/2019,319.57,61131769,319.92,320.25,319.48
12/18/2019,319.59,48199955,320,320.25,319.53
12/19/2019,320.9,85388424,319.8,320.98,319.5246
12/20/2019,320.73,149338215,320.46,321.9742,319.3873
12/23/2019,321.22,53015641,321.59,321.65,321.06
12/24/2019,321.23,20270007,321.47,321.52,320.9
12/26/2019,322.94,31024188,321.65,322.95,321.64
12/27/2019,322.86,42554820,323.74,323.8,322.28
12/30/2019,321.08,49782730,322.95,323.1,320.55
12/31/2019,321.86,57106998,320.53,322.13,320.15
1/2/2020,324.87,59253833,323.54,324.89,322.53
1/3/2020,322.41,77783121,321.16,323.64,321.1
1/6/2020,323.64,55761948,320.49,323.73,320.36
1/7/2020,322.73,42854811,323.02,323.54,322.24
1/8/2020,324.45,68434153,322.94,325.78,322.67
1/9/2020,326.65,48569601,326.16,326.73,325.52
1/10/2020,325.71,53057389,327.2899,327.46,325.2
1/13/2020,327.95,47262010,326.39,327.96,325.92
1/14/2020,327.45,63036384,327.47,328.62,326.844
1/15/2020,328.19,72056598,327.35,329.02,327.26
1/16/2020,330.92,54050328,329.7,330.92,329.45
1/17/2020,331.95,95846017,331.7,332.18,330.8539
1/21/2020,331.3,77742415,330.9,332.18,330.82
1/22/2020,331.34,48914899,332.24,332.95,331.17
1/23/2020,331.72,51962994,330.63,332.1682,329.41
1/24/2020,328.77,87578442,332.44,332.53,327.36
1/27/2020,323.5,84062463,323.03,325.12,322.66
1/28/2020,326.89,63833953,325.06,327.85,323.6038
1/29/2020,326.62,54040889,328.38,328.63,326.4
1/30/2020,327.68,75491844,324.36,327.91,323.54
1/31/2020,321.73,113845576,327,327.17,320.73
2/3/2020,324.12,69242293,323.35,326.16,323.22
2/4/2020,329.06,62573190,328.07,330.01,327.72
2/5/2020,332.86,65951146,332.27,333.09,330.67
2/6/2020,333.98,50359688,333.91,334.19,332.8
2/7/2020,332.2,64139443,332.82,333.9941,331.6
2/10/2020,334.68,42070006,331.23,334.75,331.19
2/11/2020,335.26,54864533,336.16,337.02,334.684
2/12/2020,337.42,43992662,336.83,337.65,336.43
2/13/2020,337.06,54501922,335.8621,338.12,335.56
2/14/2020,337.6,64582210,337.51,337.73,336.2
2/18/2020,336.73,57342526,336.51,337.6677,335.21
2/19/2020,338.34,48814692,337.79,339.08,337.48
2/20/2020,336.95,74163362,337.7423,338.64,333.6817
2/21/2020,333.48,113788208,335.47,335.81,332.58
2/24/2020,322.42,161088409,323.14,333.5623,321.24
2/25/2020,312.65,218913168,323.94,324.61,311.69
2/26/2020,311.5,194773819,314.18,318.11,310.7
2/27/2020,297.51,284353459,305.46,311.5637,297.51
2/28/2020,296.26,385764020,288.7,297.892,285.54
3/2/2020,309.09,238703625,298.21,309.16,294.46
3/3/2020,300.24,300139149,309.5,313.84,297.57
3/4/2020,312.86,176613448,306.12,313.1,303.33
3/5/2020,302.46,186366809,304.98,308.47,300.01
3/6/2020,297.46,228667168,293.15,298.78,290.23
3/9/2020,274.23,309417349,275.3,284.19,273.45
3/10/2020,288.42,276444058,284.64,288.52,273.5
3/11/2020,274.36,256416563,280.7,281.94,270.88
3/12/2020,248.11,392220669,256,266.66,247.68
3/13/2020,269.32,329566100,263.09,271.4754,248.5237
3/16/2020,239.85,297240027,241.18,256.9,237.36
3/17/2020,252.8,262070471,245.04,256.17,237.07
3/18/2020,240,327597131,236.25,248.37,228.02
3/19/2020,240.51,289322037,239.25,247.38,232.22
3/20/2020,228.8,347158794,242.53,244.47,228.5
3/23/2020,222.95,326025169,228.19,229.6833,218.26
3/24/2020,243.15,235494475,234.42,244.1,233.8
3/25/2020,246.79,299430255,244.87,256.35,239.75
3/26/2020,261.2,257632816,249.52,262.8,249.05
3/27/2020,253.42,224341217,253.27,260.81,251.05
3/30/2020,261.65,170961866,255.7,262.43,253.53
3/31/2020,257.75,194881060,260.56,263.33,256.22
4/1/2020,246.15,189554623,247.98,257.6591,243.9
4/2/2020,251.83,177660430,245.19,252.68,244.59
4/3/2020,248.19,135561171,250.76,253.32,245.22
4/6/2020,264.86,188061238,257.84,267,248.1698
4/7/2020,265.13,201427189,274.21,275.03,264.89
4/8/2020,274.03,153774487,267.96,276,265.2542
4/9/2020,278.2,190282705,277.58,281.2,275.47
4/13/2020,275.66,114839053,277.14,277.51,271.41
4/14/2020,283.79,134143350,280.98,284.9,275.5106
4/15/2020,277.76,121775006,277.57,283.9407,275.46
4/16/2020,279.1,131798325,279.15,280.03,275.76
4/17/2020,286.64,146684784,285.38,287.3,282.4
4/20/2020,281.59,100109285,282.61,286.7912,281.35
4/21/2020,273.04,126385698,276.73,278.04,272.02
4/22/2020,279.1,93524584,278.35,281,276.91
4/23/2020,279.08,104709693,280.49,283.94,278.75
4/24/2020,282.97,85165953,280.73,283.7,278.5
4/27/2020,287.05,77896608,285.12,288.27,284.62
4/28/2020,285.73,105269985,291.02,291.4,285.4
4/29/2020,293.21,118745579,291.53,294.88,290.41
4/30/2020,290.48,122901701,291.71,293.3239,288.59
5/1/2020,282.79,125180028,285.31,290.6572,281.52
5/4/2020,283.57,80873213,280.74,283.9,279.13
5/5/2020,286.19,79569938,286.64,289.25,283.7134
5/6/2020,284.25,73632628,288.04,288.46,283.78
5/7/2020,287.68,75250412,287.75,289.78,287.13
5/8/2020,292.44,76622128,291.09,292.95,289.86
5/11/2020,292.5,79514231,290.34,294,289.88
5/12/2020,286.67,95870786,293.79,294.24,286.52
5/13/2020,281.6,144721099,286.06,287.19,278.965
5/14/2020,284.97,121977890,278.95,285.11,272.99
5/15/2020,286.28,111146276,282.37,286.33,281.34
5/18/2020,295,120320229,293.05,296.75,292.7
5/19/2020,291.97,95189316,294.35,296.205,291.95
5/20/2020,296.93,85861691,295.82,297.87,295.57
5/21/2020,294.88,78293925,296.79,297.67,293.6886
5/22/2020,295.44,63958200,294.57,295.63,293.22
5/26/2020,299.08,88951442,301.93,302.19,295.4646
5/27/2020,303.53,104817449,302.12,303.57,296.87
5/28/2020,302.97,90767807,304.65,306.84,302.24
5/29/2020,304.32,119265702,302.46,304.96,299.47
6/1/2020,305.55,56779836,303.62,306.205,303.06
6/2/2020,308.08,74267162,306.55,308.13,305.1
6/3/2020,312.18,92567574,310.24,313.22,309.94
6/4/2020,311.36,75794363,311.11,313,309.08
6/5/2020,319.34,150524674,317.23,321.275,317.16
6/8/2020,323.2,73641217,320.22,323.41,319.63
6/9/2020,320.79,77479228,320.3,323.2849,319.36
6/10/2020,319,95000766,321.42,322.39,318.2209
6/11/2020,300.61,209243560,311.46,312.15,300.01
6/12/2020,304.21,194678879,308.24,309.08,298.6
6/15/2020,307.05,135782724,298.02,308.28,296.74
6/16/2020,312.96,137627502,315.48,315.64,307.67
6/17/2020,311.66,83398944,314.07,314.39,310.86
6/18/2020,311.78,80828658,310.005,312.3,309.51
6/19/2020,308.64,135549624,314.17,314.38,306.53
6/22/2020,310.62,74649389,307.99,311.05,306.75
6/23/2020,312.05,68471246,313.49,314.5,311.6101
6/24/2020,304.09,132813492,309.84,310.51,302.1
6/25/2020,307.35,89467968,303.47,307.64,301.28
6/26/2020,300.05,127961017,306.16,306.39,299.42
6/29/2020,304.46,79773260,301.41,304.61,298.93
6/30/2020,308.36,113394772,303.99,310.2,303.82
7/1/2020,310.52,72396542,309.57,311.89,309.07
7/2/2020,312.23,69344217,314.24,315.7,311.51
7/6/2020,317.05,61713828,316.37,317.68,315.56
7/7/2020,313.78,82909963,315.38,317.52,313.37
7/8/2020,316.18,54638596,314.61,316.3,312.7
7/9/2020,314.38,83354158,316.84,317.1,310.68
7/10/2020,317.59,57550365,314.31,317.88,312.76
7/13/2020,314.84,102997484,320.13,322.71,314.13
7/14/2020,318.92,93656951,313.3,319.76,312
7/15/2020,321.85,87196524,322.41,323.04,319.265
7/16/2020,320.79,54622520,319.79,321.28,319.09
7/17/2020,321.72,62774911,321.88,322.57,319.735
7/20/2020,324.32,56308849,321.43,325.13,320.62
7/21/2020,325.01,57498967,326.45,326.93,323.94
7/22/2020,326.86,57792915,324.62,327.2,324.5
7/23/2020,322.96,75737989,326.47,327.23,321.48
7/24/2020,320.88,73766597,320.95,321.99,319.246
7/27/2020,323.22,48292970,321.63,323.41,320.775
7/28/2020,321.17,57494979,322.43,323.64,320.85
7/29/2020,325.12,48454159,322.12,325.73,322.075
7/30/2020,323.96,61861714,321.9,324.41,319.64
7/31/2020,326.52,85210755,325.9,326.63,321.33
8/3/2020,328.79,53077948,328.32,329.62,327.73
8/4/2020,330.06,41917893,327.86,330.06,327.86
8/5/2020,332.11,42866354,331.47,332.39,331.18
8/6/2020,334.33,43679447,331.4799,334.46,331.13
8/7/2020,334.57,57308270,333.28,334.88,332.3
8/10/2020,335.57,44282089,335.06,335.77,332.955
8/11/2020,332.8,69601087,336.85,337.54,332.01
8/12/2020,337.44,53826128,335.44,338.28,332.8377
8/13/2020,336.83,41816146,336.61,338.2514,335.83
8/14/2020,336.84,47260390,336.41,337.42,335.62
8/17/2020,337.91,35480974,337.94,338.34,336.8517
8/18/2020,338.64,38733908,338.34,339.1,336.61
8/19/2020,337.23,68054244,339.05,339.61,336.62
8/20/2020,338.28,42207826,335.36,338.8,335.22
8/21/2020,339.48,55106628,337.92,339.72,337.55
8/24/2020,342.92,48588662,342.12,343,339.4504
8/25/2020,344.12,38463381,343.53,344.21,342.27
8/26/2020,347.57,50790237,344.76,347.86,344.17
8/27/2020,348.33,58034142,348.51,349.9,346.53
8/28/2020,350.58,48588940,349.44,350.72,348.15
8/31/2020,349.31,66099183,350.35,351.3,349.06
9/1/2020,352.6,54999325,350.21,352.71,349.24
9/2/2020,357.7,69540035,354.67,358.75,353.43
9/3/2020,345.39,148011129,355.87,356.38,342.59
9/4/2020,342.57,139156281,346.13,347.83,334.87
9/8/2020,333.21,114465322,336.71,342.64,332.88
9/9/2020,339.79,91462290,337.55,342.46,336.61
9/10/2020,333.89,90569548,341.82,342.53,332.85
9/11/2020,334.06,84680194,335.82,336.97,331
9/14/2020,338.46,65605686,337.49,340.38,334.2208
9/15/2020,340.17,52920862,341.12,342.02,338.4683
9/16/2020,338.82,82211256,341.51,343.06,338.52
9/17/2020,335.84,91523339,333.56,337.6996,332.991
9/18/2020,330.65,105877942,335.37,335.49,327.97
9/21/2020,326.97,99450829,325.7,327.13,321.73
9/22/2020,330.3,63612107,328.57,330.9,325.86
9/23/2020,322.64,93112240,330.9,331.2,322.1
9/24/2020,323.5,76681332,321.22,326.797,319.8
9/25/2020,328.73,71069426,322.58,329.58,321.64
9/28/2020,334.19,64584614,333.22,334.96,332.15
9/29/2020,332.37,51531594,333.97,334.77,331.6209
9/30/2020,334.89,104081136,333.09,338.29,332.88
10/1/2020,337.04,88698745,337.69,338.74,335.01
10/2/2020,333.84,89431112,331.7,337.0126,331.19
10/5/2020,339.76,45713108,336.06,339.96,336.01
10/6/2020,334.93,90128883,339.91,342.17,334.38
10/7/2020,340.76,56999597,338.12,341.63,338.09
10/8/2020,343.78,45242476,342.85,343.85,341.86
10/9/2020,346.85,59528606,345.56,347.35,344.89
10/12/2020,352.43,80388533,349.59,354.02,349.06
10/13/2020,350.13,73255513,352.28,352.4651,349.09
10/14/2020,347.93,57958749,350.75,351.93,347.14
10/15/2020,347.5,60357659,343.71,348.02,343.13
10/16/2020,347.29,89501868,348.96,350.75,347.1
10/19/2020,342.01,68425614,348.65,349.33,341.04
10/20/2020,343.38,60051880,343.46,346.88,342.64
10/21/2020,342.73,63574979,343.33,348.6847,342.4
10/22/2020,344.61,55399292,342.96,345.24,340.65
10/23/2020,345.78,49143931,345.93,345.99,343.13
10/26/2020,339.39,91473002,342.13,342.98,335.62
10/27/2020,338.22,65994108,339.76,340.12,337.99
10/28/2020,326.66,127094307,332.1,338.2483,326.13
10/29/2020,329.98,90597689,326.91,333.395,325.09
10/30/2020,326.54,120448685,328.28,329.69,322.6
11/2/2020,330.2,86068299,330.2,332.36,327.24
11/3/2020,336.03,93294192,333.69,338.25,330.2935
11/4/2020,343.54,126959700,340.86,347.94,339.59
11/5/2020,350.24,82039749,349.24,352.19,348.86
11/6/2020,350.16,74972973,349.93,351.51,347.65
11/9/2020,354.56,172304203,363.97,364.38,354.06
11/10/2020,354.04,85552022,353.49,355.18,350.51
11/11/2020,356.67,58649048,356.4,357.56,355.06
11/12/2020,353.21,68118563,355.58,356.7182,351.26
11/13/2020,358.1,62959429,355.27,358.9,354.71
11/16/2020,362.57,74541138,360.98,362.78,359.59
11/17/2020,360.62,66111009,359.97,361.92,358.34
11/18/2020,356.28,70591299,360.91,361.5,356.24
11/19/2020,357.78,59940947,355.6,358.18,354.15
11/20/2020,355.33,70411890,357.5,357.72,355.25
11/23/2020,357.46,63230608,357.28,358.82,354.865
11/24/2020,363.22,62415877,360.21,363.81,359.29
11/25/2020,362.66,45330890,363.13,363.16,361.48
11/27/2020,363.67,28514072,363.84,364.18,362.58
11/30/2020,362.06,83872709,362.83,363.12,359.17
12/1/2020,366.02,74504969,365.57,367.68,364.93
12/2/2020,366.79,45927000,364.82,366.96,364.2
12/3/2020,366.69,62881998,366.68,368.19,365.5
12/4/2020,369.85,50749859,367.32,369.85,367.22
12/7/2020,369.09,48944269,369.02,369.62,367.72
12/8/2020,370.17,42458859,367.72,370.78,367.67
12/9/2020,366.85,74098312,370.88,371.05,365.95
12/10/2020,366.73,57735353,365.37,367.86,364.43
12/11/2020,366.3,57698614,364.9,366.7402,363.26
12/14/2020,364.66,69216174,368.64,369.8,364.47
12/15/2020,369.59,64071099,367.4,369.59,365.92
12/16/2020,370.17,58420517,369.82,371.16,368.8676
12/17/2020,372.24,64119472,371.94,372.46,371.05
12/18/2020,369.18,136542328,370.97,371.15,367.02
12/21/2020,367.86,96386745,364.97,378.46,362.03
12/22/2020,367.24,48388462,368.21,368.3317,366.03
12/23/2020,367.57,46201402,368.28,369.62,367.2172
12/24/2020,369,26457853,368.08,369.03,367.45
12/28/2020,372.17,39000402,371.74,372.59,371.07
12/29/2020,371.46,53680451,373.81,374,370.83
12/30/2020,371.99,49455259,372.34,373.1,371.57
12/31/2020,373.88,78520702,371.78,374.66,371.232
1/4/2021,368.79,110210810,375.31,375.45,364.82
1/5/2021,371.33,66426229,368.1,372.5,368.05
1/6/2021,373.55,107997675,369.71,376.98,369.12
1/7/2021,379.1,68766812,376.1,379.9,375.91
1/8/2021,381.26,71677208,380.59,381.49,377.1
1/11/2021,378.69,51176719,377.85,380.58,377.7189
1/12/2021,378.77,52547716,378.89,379.86,376.36
1/13/2021,379.79,45303619,378.69,380.86,377.85
1/14/2021,378.46,49989113,380.59,381.13,378.1
1/15/2021,375.7,107159962,376.72,377.58,373.7
1/19/2021,378.65,51233300,378.34,379.23,376.75
1/20/2021,383.89,61836062,381.11,384.79,380.69
1/21/2021,384.24,47955809,384.49,384.95,383.25
1/22/2021,382.88,52136931,382.25,384.1256,381.835
1/25/2021,384.39,70401971,383.67,384.77,378.46
1/26/2021,383.79,42665281,385.41,385.85,383.54
1/27/2021,374.41,123351078,380.22,380.32,372.01
1/28/2021,377.63,94198104,376.36,381.93,375.89
1/29/2021,370.07,126765121,375.63,376.67,368.27
2/1/2021,376.23,75817597,373.72,377.34,370.376
2/2/2021,381.55,64450662,379.65,383.22,376.3181
2/3/2021,381.85,52427090,382.435,383.7,380.48
2/4/2021,386.19,47142555,382.96,386.24,381.9655
2/5/2021,387.71,48669773,388.2,388.47,386.1444
2/8/2021,390.51,38365185,389.27,390.56,388.35
2/9/2021,390.25,35551059,389.61,390.89,389.17
2/10/2021,390.08,59154370,392.12,392.28,387.5
2/11/2021,390.71,42913288,391.24,391.69,388.1
2/12/2021,392.64,50593270,389.85,392.9,389.77
2/16/2021,392.3,50972366,393.96,394.17,391.53
2/17/2021,392.39,52806681,390.42,392.66,389.33
2/18/2021,390.72,59712773,389.59,391.515,387.74
2/19/2021,390.03,83240971,392.07,392.38,389.55
2/22/2021,387.03,67414170,387.06,389.62,386.74
2/23/2021,387.5,107284127,384.66,388.945,380.2
2/24/2021,391.77,72433946,386.33,392.23,385.27
2/25/2021,382.33,146670499,390.41,391.88,380.7789
2/26/2021,380.36,152701639,384.35,385.58,378.23
3/1/2021,389.58,105348798,385.59,390.92,380.572
3/2/2021,386.54,79595332,389.82,390.07,386
3/3/2021,381.42,119940211,385.79,386.83,381.31
3/4/2021,376.7,183433020,381.22,384,371.88
3/5/2021,383.63,152039624,380.46,384.76,372.64
3/8/2021,381.72,123149245,384.66,387.68,381.42
3/9/2021,387.17,113633556,385.85,389.91,381.7299
3/10/2021,389.58,109899410,389.69,391.4,388.1702
3/11/2021,393.53,86245040,392.23,395.65,391.74
3/12/2021,394.06,64653565,392.07,394.21,391.2
3/15/2021,396.41,73592302,394.33,396.685,392.03
3/16/2021,395.91,73722506,397.07,397.83,395.08
3/17/2021,397.26,97959265,394.53,398.12,393.3
3/18/2021,391.48,115349101,394.475,396.72,390.75
3/19/2021,389.48,113624490,389.88,391.569,387.15
3/22/2021,392.59,73778646,390.03,394.07,389.97
3/23/2021,389.5,90686552,391.91,393.46,388.66
3/24/2021,387.52,97588644,391,392.75,387.47
3/25/2021,389.7,116128622,385.98,390.55,383.9
3/26/2021,395.98,114409114,390.93,396.41,390.29
3/29/2021,395.78,108107626,394.4,396.75,392.81
3/30/2021,394.73,76262249,394.42,395.45,393.02
3/31/2021,396.33,112734214,395.34,398,395.31
4/1/2021,400.61,99682876,398.4,400.67,398.18
4/5/2021,406.36,91684764,403.46,406.94,403.38
4/6/2021,406.12,62020953,405.76,407.24,405.4
4/7/2021,406.59,55836280,405.94,406.96,405.45
4/8/2021,408.52,57863114,407.93,408.58,406.93
4/9/2021,411.49,61104559,408.39,411.67,408.26
4/12/2021,411.64,56704899,410.85,411.93,410.2
4/13/2021,412.86,56550988,411.53,413.529,411.12
4/14/2021,411.45,61659907,412.83,413.96,410.87
4/15/2021,415.87,60229842,413.74,416.16,413.69
4/16/2021,417.26,82037278,417.25,417.91,415.73
4/19/2021,415.21,78498496,416.26,416.74,413.79
4/20/2021,412.17,81851828,413.91,415.0859,410.59
4/21/2021,416.07,66792983,411.51,416.29,411.36
4/22/2021,412.27,97582788,415.89,416.78,411.13
4/23/2021,416.74,73276195,412.87,418.25,412.79
4/26/2021,417.61,52182392,417.44,418.22,416.8111
4/27/2021,417.52,51303056,417.93,418.14,416.3
4/28/2021,417.4,51238854,417.81,419.01,416.9
4/29/2021,420.06,78544329,420.32,420.72,416.44
4/30/2021,417.3,85527030,417.63,418.54,416.34
5/3/2021,418.2,68128289,419.43,419.84,417.665
5/4/2021,415.62,101591166,416.07,416.6,411.67
5/5/2021,415.75,60162209,417.38,417.63,414.94
5/6/2021,419.07,74321368,415.83,419.21,413.675
5/7/2021,422.12,67733790,419.89,422.815,419.16
5/10/2021,417.94,81852446,422.5,422.74,417.81
5/11/2021,414.21,116887975,413.1,415.27,410.06
5/12/2021,405.41,134811046,411.23,412.59,404
5/13/2021,410.28,106393963,407.07,412.35,407.02
5/14/2021,416.58,82201629,413.21,417.49,413.18
5/17/2021,415.52,65129221,415.39,416.39,413.36
5/18/2021,411.94,59810238,415.8,416.06,411.77
5/19/2021,410.86,106467052,406.92,411.05,405.33
5/20/2021,415.28,78022218,411.8,416.625,411.67
5/21/2021,414.94,76578662,416.87,418.2,414.45
5/24/2021,419.17,51376702,417.34,420.32,417.08
5/25/2021,418.24,57451396,420.33,420.71,417.62
5/26/2021,419.07,43088618,418.87,419.61,417.76
5/27/2021,419.29,56707677,420.17,420.72,418.9851
5/28/2021,420.04,58520164,420.97,421.25,419.79
6/1/2021,419.67,54216625,422.57,422.72,419.2
6/2/2021,420.33,49097061,420.37,421.23,419.29
6/3/2021,418.77,58138763,417.85,419.99,416.28
6/4/2021,422.6,55938789,420.75,422.92,418.8422
6/7/2021,422.19,51555032,422.59,422.78,421.19
6/8/2021,422.28,47134279,423.11,423.21,420.32
6/9/2021,421.65,48436342,423.18,423.26,421.41
6/10/2021,423.61,51020147,422.96,424.63,421.55
6/11/2021,424.31,45570828,424.2,424.43,422.82
6/14/2021,425.26,42358478,424.43,425.37,423.1
6/15/2021,424.48,51508508,425.42,425.46,423.54
6/16/2021,422.11,80386082,424.63,424.87,419.92
6/17/2021,421.97,90949659,421.67,423.02,419.32
6/18/2021,414.92,118676302,417.09,417.8281,414.7
6/21/2021,420.86,72822028,416.8,421.06,415.93
6/22/2021,423.11,57700303,420.85,424,420.08
6/23/2021,422.6,49445414,423.19,424.05,422.51
6/24/2021,425.1,45110288,424.89,425.55,424.62
6/25/2021,426.61,58129525,425.9,427.0943,425.55
6/28/2021,427.47,53159581,427.17,427.65,425.89
6/29/2021,427.7,35970515,427.88,428.56,427.13
6/30/2021,428.06,64827858,427.21,428.78,427.18
7/1/2021,430.43,53441027,428.87,430.6,428.8
7/2/2021,433.72,57697668,431.67,434.1,430.5218
7/6/2021,432.93,68710419,433.78,434.01,430.01
7/7/2021,434.46,63549456,433.66,434.76,431.51
7/8/2021,430.92,97595232,428.78,431.73,427.52
7/9/2021,435.52,76238584,432.53,435.84,430.714
7/12/2021,437.08,52889585,435.43,437.35,434.97
7/13/2021,435.59,52911312,436.24,437.84,435.31
7/14/2021,436.24,64130352,437.4,437.92,434.91
7/15/2021,434.75,55126358,434.81,435.53,432.72
7/16/2021,431.34,75874662,436.01,436.06,430.92
7/19/2021,424.97,147987000,426.19,431.4089,421.97
7/20/2021,431.06,99608174,425.68,432.42,424.83
7/21/2021,434.55,64724389,432.34,434.7,431.0111
7/22/2021,435.46,47878539,434.74,435.72,433.69
7/23/2021,439.94,63766637,437.52,440.3,436.79
7/26/2021,441.02,43719187,439.31,441.03,439.26
7/27/2021,439.01,67397137,439.91,439.94,435.99
7/28/2021,438.83,52472360,439.68,440.3,437.31
7/29/2021,440.65,47435342,439.815,441.8,439.81
7/30/2021,438.51,68951202,437.91,440.06,437.77
8/2/2021,437.59,58783297,440.34,440.93,437.21
8/3/2021,441.15,58053896,438.44,441.28,436.1
8/4/2021,438.98,46732212,439.78,441.1243,438.73
8/5/2021,441.76,38969659,440.22,441.85,439.88
8/6/2021,442.49,46930008,442.1,442.94,441.8
8/9/2021,442.13,41222585,442.46,442.795,441.31
8/10/2021,442.68,43339275,442.61,443.44,441.88
8/11/2021,443.78,44034340,443.82,443.882,442.62
8/12/2021,445.11,38942418,443.62,445.2572,442.66
8/13/2021,445.92,39470251,445.59,445.94,445.07
8/16/2021,446.97,73930864,444.53,447.11,442.87
8/17/2021,444.04,92673933,444.24,444.96,440.85
8/18/2021,439.18,89351931,442.96,444.625,438.92
8/19/2021,439.86,92812246,436.27,441.14,436.12
8/20/2021,443.36,72008712,440.23,443.71,439.71
8/23/2021,447.26,54973038,445.16,448.23,443.4355
8/24/2021,447.97,38744714,447.97,448.54,447.42
8/25/2021,448.91,40529711,448.17,449.457,447.77
8/26/2021,446.26,57829572,448.61,448.86,446.16
8/27/2021,450.25,77235113,447.12,450.65,447.06
8/30/2021,452.23,48357355,450.97,453.07,450.71
8/31/2021,451.56,59300213,452.13,452.49,450.92
9/1/2021,451.8,48721378,452.56,453.11,451.545
9/2/2021,453.19,42830867,453.32,454.05,451.91
9/3/2021,453.08,47234364,451.98,453.63,451.55
9/7/2021,451.46,51671534,452.71,452.81,450.7423
9/8/2021,450.91,56181907,450.89,451.67,448.86
9/9/2021,448.98,57970407,450.7,452.57,448.72
9/10/2021,445.44,89948174,451.04,451.49,445.31
9/13/2021,446.58,83738649,448.64,448.92,444.11
9/14/2021,444.17,78197140,448.12,448.34,443.22
9/15/2021,447.88,78792222,444.62,448.41,443.44
9/16/2021,447.17,77786735,447.32,448.36,444.02
9/17/2021,441.4,118425037,444.92,445.37,441.02
9/20/2021,434.04,166445534,434.88,436.56,428.86
9/21/2021,433.63,92526112,436.53,437.91,433.07
9/22/2021,437.86,102350143,436.05,440.03,433.747
9/23/2021,443.18,76395981,439.85,444.89,439.6
9/24/2021,443.91,62094837,441.44,444.67,441.21
9/27/2021,442.64,61371108,442.81,444.05,441.9
9/28/2021,433.72,130436306,439.69,440.04,432.94
9/29/2021,434.45,82329213,435.19,437.04,433.85
9/30/2021,429.14,140505979,436.02,436.77,428.78
10/1/2021,434.24,129240106,430.98,436.0329,427.23
10/4/2021,428.64,128569957,433,433.96,426.36
10/5/2021,433.1,90682520,430.24,435.49,429.39
10/6/2021,434.9,113032245,429.27,435.1199,427.54
10/7/2021,438.66,72437499,438.39,441.68,438.2
10/8/2021,437.86,74557404,439.48,439.89,437.19
10/11/2021,434.69,65233285,437.16,440.26,434.62
10/12/2021,433.62,71181163,435.67,436.1,432.78
10/13/2021,435.18,72973979,434.71,436.05,431.54
10/14/2021,442.5,70236825,439.08,442.66,438.58
10/15/2021,445.87,66260210,444.75,446.26,444.09
10/18/2021,447.19,62213228,443.97,447.55,443.27
10/19/2021,450.64,46996827,448.92,450.71,448.27
10/20/2021,452.41,49571569,451.13,452.732,451.01
10/21/2021,453.59,41305438,451.77,453.829,451.31
10/22/2021,453.12,58845088,453.13,454.67,451.05
10/25/2021,455.55,45214507,454.28,455.9,452.39
10/26/2021,455.96,56075116,457.2,458.49,455.56
10/27/2021,453.94,72437997,456.45,457.16,453.86
10/28/2021,458.32,51437944,455.46,458.4,455.45
10/29/2021,459.25,70162424,455.87,459.56,455.56
11/1/2021,460.04,48433642,460.3,460.7021,458.2
11/2/2021,461.9,48908417,460.22,462.23,460.08
11/3/2021,464.72,52509825,461.3,465.15,460.83
11/4/2021,466.91,52847087,465.36,467,464.99
11/5/2021,468.53,66390563,469.28,470.65,466.92
11/8/2021,468.93,50405194,469.7,470.23,468.2031
11/9/2021,467.38,51149147,469.32,469.57,465.88
11/10/2021,463.62,69429653,465.58,467.38,462.04
11/11/2021,463.77,34848495,465.21,465.29,463.75
11/12/2021,467.27,53466654,465.12,467.86,464.11
11/15/2021,467.43,46980500,468.64,468.81,466.23
11/16/2021,469.28,48857502,467.15,470.485,467.07
11/17/2021,468.14,47858289,469,469.19,467.48
11/18/2021,469.73,50625607,469.24,470.01,466.34
11/19/2021,468.89,57315573,469.61,470.94,468.5
11/22/2021,467.57,72761954,470.89,473.54,467.35
11/23/2021,468.19,73206538,467.22,469.095,464.45
11/24/2021,469.44,61858813,466.06,469.57,465.19
11/26/2021,458.97,112669636,462.34,463.9,457.77
11/29/2021,464.6,86268818,464.07,466.56,461.73
11/30/2021,455.56,148559598,462,464.03,455.3
12/1/2021,450.5,132485835,461.64,464.67,450.29
12/2/2021,457.4,127637758,450.73,459.07,450.31
12/3/2021,453.42,137331647,459.17,460.3,448.92
12/6/2021,458.79,98977532,456.13,460.79,453.56
12/7/2021,468.28,95484688,464.41,468.88,458.6546
12/8/2021,469.52,72238777,468.7,470,466.83
12/9/2021,466.35,61272568,468.15,469.6291,466.14
12/10/2021,470.74,77159757,469.23,470.9,466.51
12/13/2021,466.57,87724680,470.19,470.56,466.27
12/14/2021,463.36,97264128,463.09,465.74,460.25
12/15/2021,470.6,116899251,463.42,470.86,460.74
12/16/2021,466.45,116568626,472.57,472.87,464.8
12/17/2021,459.87,135636510,461.55,464.74,458.06
12/20/2021,454.98,107134822,454.48,455.4,451.14
12/21/2021,463.06,69806260,458.61,463.21,456.31
12/22/2021,467.69,58890223,462.79,467.81,462.58
12/23/2021,470.6,56439745,468.75,472.19,468.64
12/27/2021,477.26,56808619,472.06,477.31,472.01
12/28/2021,476.87,47274585,477.72,478.81,476.06
12/29/2021,477.48,54502964,476.98,478.56,475.92
12/30/2021,476.16,55329041,477.93,479,475.67
12/31/2021,474.96,65237431,475.64,476.86,474.67